date, pm25, pm10, o3, no2, co
2024/1/1, 131, 11, 18, 15, 
2024/1/2, 38, 7, 23, 8, 
2024/1/3, 22, , , , 
2023/10/1, 54, 24, 29, 17, 
2023/10/2, 53, 23, 31, 10, 
2023/10/3, 55, 15, 22, 13, 
2023/10/4, 41, 15, 21, 15, 
2023/10/5, 45, 19, 26, 15, 
2023/10/6, 51, 14, 23, 8, 
2023/10/7, 39, 9, 25, 9, 
2023/10/8, 28, 15, 18, 18, 
2023/10/9, 47, 15, 15, 15, 
2023/10/10, 48, 27, 31, 20, 
2023/10/11, 56, 21, 24, 16, 
2023/10/12, 49, 21, 26, 13, 
2023/10/13, 53, 15, 27, 8, 
2023/10/14, 37, 9, 24, 7, 
2023/10/15, 25, 11, 19, 15, 
2023/10/16, 33, 21, 21, 25, 
2023/10/17, 52, 28, 22, 21, 
2023/10/18, 71, 29, 20, 14, 
2023/10/19, 77, 12, 11, 7, 
2023/10/20, 43, 22, 18, 16, 
2023/10/21, 59, 19, 22, 14, 
2023/10/22, 54, 20, 13, 19, 
2023/10/23, 52, 26, 9, 17, 
2023/10/24, 69, 23, 17, 20, 
2023/10/25, 63, 18, 14, 15, 
2023/10/26, 56, 22, 9, 12, 
2023/10/27, 61, 17, 11, 15, 
2023/10/28, 53, 11, 24, 12, 
2023/10/29, 34, 15, 22, 18, 
2023/10/30, 31, 12, 23, 14, 
2023/10/31, 33, 13, 18, 18, 
2023/11/1, 32, 21, 14, 14, 
2023/11/2, 44, 18, 16, 20, 
2023/11/3, 50, 11, 22, 12, 
2023/11/4, 33, 9, 21, 9, 
2023/11/5, 27, 16, 20, 15, 
2023/11/6, 37, 12, 20, 16, 
2023/11/7, 32, 13, 18, 16, 
2023/11/8, 36, 17, 18, 16, 
2023/11/9, 36, 12, 19, 18, 
2023/11/10, 33, 15, 15, 16, 
2023/11/11, 46, 17, 16, 14, 
2023/11/12, 54, 18, 15, 17, 
2023/11/13, 51, 13, 23, 13, 
2023/11/14, 38, 13, 19, 14, 
2023/11/15, 40, 13, 16, 18, 
2023/11/16, 42, 12, 14, 11, 
2023/11/17, 42, 15, 12, 14, 
2023/11/18, 51, 15, 22, 14, 
2023/11/19, 50, 13, 21, 21, 
2023/11/20, 42, 15, 13, 8, 
2023/11/21, 50, 20, 14, 18, 
2023/11/22, 57, 14, 29, 11, 
2023/11/23, 46, 9, 27, 11, 
2023/11/24, 28, 9, 19, 11, 
2023/11/25, 32, 14, 21, 11, 
2023/11/26, 44, 22, 19, 20, 
2023/11/27, 63, 23, 17, 14, 
2023/11/28, 67, 20, 12, 18, 
2023/11/29, 60, 25, 11, 24, 
2023/11/30, 69, 24, 13, 21, 
2023/12/1, 70, 20, 11, 14, 
2023/12/2, 64, 20, 11, 13, 
2023/12/3, 64, 28, 7, 20, 
2023/12/4, 76, 37, 10, 21, 
2023/12/5, 96, 43, 7, 22, 
2023/12/6, 106, 29, 1, 16, 
2023/12/7, 82, 27, 5, 17, 
2023/12/8, 77, 27, 11, 16, 
2023/12/9, 77, 16, 22, 12, 
2023/12/10, 51, 11, 23, 20, 
2023/12/11, 38, 16, 18, 22, 
2023/12/12, 47, 23, 7, 17, 
2023/12/13, 69, 18, 7, 14, 
2023/12/14, 56, 27, 7, 17, 
2023/12/15, 70, 27, 18, 15, 
2023/12/16, 68, 18, 16, 10, 
2023/12/17, 59, 24, 15, 16, 
2023/12/18, 65, 18, 11, 16, 
2023/12/19, 56, 10, 28, 15, 
2023/12/20, 33, 7, 29, 11, 
2023/12/21, 23, 9, 29, 10, 
2023/12/22, 27, 8, 28, 14, 
2023/12/23, 28, 8, 27, 10, 
2023/12/24, 29, 9, 27, 9, 
2023/12/25, 29, 7, 28, 8, 
2023/12/26, 22, 14, 23, 17, 
2023/12/27, 42, 13, 20, 13, 
2023/12/28, 42, 10, 26, 11, 
2023/12/29, 33, 17, 25, 16, 
2023/12/30, 46, 29, 16, 12, 
2023/12/31, 77, 97, 21, 14, 
2023/7/1, 43, 17, 37, 6, 
2023/7/2, 41, 22, 36, 14, 
2023/7/3, 51, 20, 32, 13, 
2023/7/4, 48, 24, 33, 17, 
2023/7/5, 46, 20, 36, 15, 
2023/7/6, 37, 21, 46, 24, 
2023/7/7, 45, 19, 59, 17, 
2023/7/8, 43, 16, 59, 11, 
2023/7/9, 40, 21, 49, 17, 
2023/7/10, 50, 18, 45, 22, 
2023/7/11, 43, 28, 38, 16, 
2023/7/12, 41, 18, 36, 13, 
2023/7/13, 37, 16, 43, 19, 
2023/7/14, 38, 19, 52, 18, 
2023/7/15, 41, 13, 35, 8, 
2023/7/16, 33, 18, 35, 14, 
2023/7/17, 38, 14, 36, 12, 
2023/7/18, 33, 19, 43, 17, 
2023/7/19, 38, 12, 29, 8, 
2023/7/20, 34, 17, 32, 19, 
2023/7/21, 40, 14, 31, 12, 
2023/7/22, 42, 16, 37, 12, 
2023/7/23, 39, 14, 29, 13, 
2023/7/24, 30, 13, 30, 8, 
2023/7/25, 35, 11, 26, 11, 
2023/7/26, 31, 14, 27, 14, 
2023/7/27, 39, 11, 18, 10, 
2023/7/28, 34, 14, 26, 11, 
2023/7/29, 43, 13, 32, 7, 
2023/7/30, 39, 12, 23, 10, 
2023/7/31, 34, 12, 28, 9, 
2023/8/1, 32, 12, 28, 11, 
2023/8/2, 30, 10, 25, 9, 
2023/8/3, 24, 14, 30, 11, 
2023/8/4, 38, 15, 30, 12, 
2023/8/5, 41, 15, 25, 9, 
2023/8/6, 51, 13, 29, 8, 
2023/8/7, 34, 11, 29, 9, 
2023/8/8, 30, 11, 26, 11, 
2023/8/9, 30, 16, 29, 14, 
2023/8/10, 39, 24, 31, 20, 
2023/8/11, 48, 22, 36, 17, 
2023/8/12, 52, 13, 38, 10, 
2023/8/13, 38, 21, 39, 19, 
2023/8/14, 44, 17, 44, 16, 
2023/8/15, 44, 14, 38, 10, 
2023/8/16, 42, 13, 38, 5, 
2023/8/17, 34, 17, 43, 13, 
2023/8/18, 46, 21, 51, 16, 
2023/8/19, 55, 18, 36, 8, 
2023/8/20, 46, 17, 34, 12, 
2023/8/21, 40, 20, 33, 16, 
2023/8/22, 38, 22, 38, 17, 
2023/8/23, 48, 23, 47, 24, 
2023/8/24, 48, 27, 45, 21, 
2023/8/25, 56, 15, 31, 10, 
2023/8/26, 39, 17, 33, 14, 
2023/8/27, 48, 13, 30, 15, 
2023/8/28, 33, 14, 28, 14, 
2023/8/29, 42, 13, 29, 16, 
2023/8/30, 36, 12, 26, 15, 
2023/8/31, 37, 17, 34, 18, 
2023/9/1, 44, 27, 31, 17, 
2023/9/2, 68, 18, 30, 10, 
2023/9/3, 49, 21, 47, 25, 
2023/9/4, 51, 20, 34, 24, 
2023/9/5, 44, 24, 50, 27, 
2023/9/6, 51, 24, 51, 22, 
2023/9/7, 51, 27, 50, 24, 
2023/9/8, 59, 31, 48, 25, 
2023/9/9, 66, 33, 58, 23, 
2023/9/10, 71, 28, 60, 16, 
2023/9/11, 60, 30, 46, 12, 
2023/9/12, 56, 13, 30, 6, 
2023/9/13, 39, 12, 27, 11, 
2023/9/14, 34, 15, 31, 19, 
2023/9/15, 38, 17, 40, 19, 
2023/9/16, 42, 22, 49, 20, 
2023/9/17, 59, 23, 31, 21, 
2023/9/18, 52, 15, 28, 14, 
2023/9/19, 36, 22, 29, 17, 
2023/9/20, 38, 22, 40, 23, 
2023/9/21, 42, 15, 24, 16, 
2023/9/22, 41, 12, 27, 12, 
2023/9/23, 35, 15, 27, 13, 
2023/9/24, 45, 18, 32, 19, 
2023/9/25, 49, 26, 32, 20, 
2023/9/26, 64, 34, 37, 28, 
2023/9/27, 71, 39, 39, 22, 
2023/9/28, 74, 40, 24, 21, 
2023/9/29, 71, 17, 25, 10, 
2023/9/30, 43, 20, 30, 11, 
2023/4/1, 40, 8, 35, 6, 
2023/4/2, 27, 10, 35, 11, 
2023/4/3, 26, 11, 33, 16, 
2023/4/4, 33, 17, 32, 23, 
2023/4/5, 48, 39, 37, 26, 
2023/4/6, 74, 18, 28, 13, 
2023/4/7, 56, 24, 26, 12, 
2023/4/8, 72, 32, 24, 14, 
2023/4/9, 86, 23, 35, 6, 
2023/4/10, 67, 11, 31, 12, 
2023/4/11, 38, 39, 36, 21, 
2023/4/12, 44, 20, 31, 23, 
2023/4/13, 52, 16, 29, 19, 
2023/4/14, 52, 19, 20, 11, 
2023/4/15, 61, 20, 19, 7, 
2023/4/16, 63, 25, 28, 12, 
2023/4/17, 69, 22, 32, 12, 
2023/4/18, 60, 17, 41, 11, 
2023/4/19, 44, 30, 33, 17, 
2023/4/20, 75, 37, 48, 17, 
2023/4/21, 70, 29, 50, 21, 
2023/4/22, 65, 22, 37, 16, 
2023/4/23, 59, 16, 37, 16, 
2023/4/24, 38, 15, 35, 14, 
2023/4/25, 37, 21, 33, 18, 
2023/4/26, 51, 16, 35, 18, 
2023/4/27, 42, 45, 38, 29, 
2023/4/28, 66, 21, 36, 15, 
2023/4/29, 63, 14, 39, 14, 
2023/4/30, 42, 22, 42, 24, 
2023/5/1, 61, 20, 32, 14, 
2023/5/2, 51, 17, 36, 13, 
2023/5/3, 41, 30, 42, 21, 
2023/5/4, 64, 27, 40, 13, 
2023/5/5, 49, 17, 26, 10, 
2023/5/6, 51, 15, 38, 7, 
2023/5/7, 45, 19, 39, 19, 
2023/5/8, 45, 25, 42, 17, 
2023/5/9, 45, 26, 41, 18, 
2023/5/10, 50, 29, 40, 22, 
2023/5/11, 53, 26, 45, 15, 
2023/5/12, 49, 28, 45, 14, 
2023/5/13, 51, 25, 43, 17, 
2023/5/14, 58, 29, 38, 22, 
2023/5/15, 63, 19, 32, 10, 
2023/5/16, 45, 18, 32, 9, 
2023/5/17, 35, 14, 34, 8, 
2023/5/18, 34, 15, 34, 12, 
2023/5/19, 31, 18, 33, 8, 
2023/5/20, 48, 28, 43, 8, 
2023/5/21, 62, 25, 44, 19, 
2023/5/22, 44, 23, 33, 15, 
2023/5/23, 54, 17, 28, 14, 
2023/5/24, 46, 19, 35, 13, 
2023/5/25, 52, 21, 36, 10, 
2023/5/26, 50, 14, 38, 12, 
2023/5/27, 34, 17, 46, 12, 
2023/5/28, 40, 13, 39, 6, 
2023/5/29, 33, 19, 40, 13, 
2023/5/30, 31, 19, 38, 18, 
2023/5/31, 30, 21, 38, 10, 
2023/6/1, 48, 28, 33, 11, 
2023/6/2, 41, 14, 36, 11, 
2023/6/3, 29, 12, 41, 10, 
2023/6/4, 25, 19, 44, 18, 
2023/6/5, 30, 28, 45, 21, 
2023/6/6, 47, 30, 54, 15, 
2023/6/7, 55, 23, 56, 8, 
2023/6/8, 45, 22, 49, 6, 
2023/6/9, 44, 22, 48, 9, 
2023/6/10, 51, 22, 45, 8, 
2023/6/11, 45, 26, 47, 19, 
2023/6/12, 49, 26, 37, 12, 
2023/6/13, 42, 25, 37, 12, 
2023/6/14, 46, 25, 37, 14, 
2023/6/15, 48, 18, 34, 11, 
2023/6/16, 53, 20, 36, 10, 
2023/6/17, 59, 22, 48, 10, 
2023/6/18, 62, 29, 54, 19, 
2023/6/19, 69, 35, 44, 21, 
2023/6/20, 83, 28, 41, 14, 
2023/6/21, 72, 19, 51, 18, 
2023/6/22, 47, 18, 32, 13, 
2023/6/23, 56, 19, 37, 10, 
2023/6/24, 50, 19, 44, 15, 
2023/6/25, 54, 23, 44, 20, 
2023/6/26, 57, 13, 28, 9, 
2023/6/27, 33, 12, 33, 6, 
2023/6/28, 31, 19, 42, 15, 
2023/6/29, 47, 17, 25, 11, 
2023/6/30, 53, 17, 40, 12, 
2023/1/2, 46, 21, 24, 21, 
2023/1/3, 54, 12, 21, 13, 
2023/1/4, 38, 7, 22, 8, 
2023/1/5, 22, 14, 15, 18, 
2023/1/6, 43, 15, 14, 16, 
2023/1/7, 47, 16, 14, 11, 
2023/1/8, 53, 16, 17, 19, 
2023/1/9, 51, 18, 20, 17, 
2023/1/10, 50, 12, 19, 15, 
2023/1/11, 36, 10, 20, 13, 
2023/1/12, 31, 9, 27, 15, 
2023/1/13, 25, 10, 24, 12, 
2023/1/14, 33, 7, 29, 7, 
2023/1/15, 23, 11, 22, 16, 
2023/1/16, 30, 15, 22, 19, 
2023/1/17, 35, 24, 10, 25, 
2023/1/18, 64, 27, 11, 22, 
2023/1/19, 71, 31, 19, 19, 
2023/1/20, 79, 15, 23, 9, 
2023/1/21, 50, 13, 19, 8, 
2023/1/22, 46, 23, 12, 11, 
2023/1/23, 67, 29, 14, 16, 
2023/1/24, 76, 24, 16, 18, 
2023/1/25, 69, 19, 7, 14, 
2023/1/26, 61, 12, 22, 14, 
2023/1/27, 44, 16, 25, 15, 
2023/1/28, 44, 20, 19, 11, 
2023/1/29, 62, 13, 27, 12, 
2023/1/30, 44, 12, 27, 13, 
2023/1/31, 41, 10, 26, 13, 
2023/2/1, 32, 13, 26, 14, 
2023/2/2, 35, 13, 27, 11, 
2023/2/3, 42, 8, 23, 9, 
2023/2/4, 25, 19, 18, 21, 
2023/2/5, 53, 26, 10, 23, 
2023/2/6, 75, 45, 11, 31, 
2023/2/7, 102, 45, 17, 27, 
2023/2/8, 101, 35, 18, 23, 
2023/2/9, 73, 35, 15, 20, 
2023/2/10, 85, 27, 16, 12, 
2023/2/11, 77, 16, 19, 13, 
2023/2/12, 52, 18, 21, 15, 
2023/2/13, 54, 33, 22, 21, 
2023/2/14, 74, 43, 11, 23, 
2023/2/15, 93, 40, 19, 25, 
2023/2/16, 86, 21, 30, 15, 
2023/2/17, 61, 9, 28, 10, 
2023/2/18, 29, 11, 28, 10, 
2023/2/19, 30, 13, 21, 14, 
2023/2/20, 45, 13, 23, 11, 
2023/2/21, 40, 26, 20, 24, 
2023/2/22, 59, 36, 15, 18, 
2023/2/23, 88, 15, 26, 15, 
2023/2/24, 46, 7, 25, 7, 
2023/2/25, 25, 7, 29, 7, 
2023/2/26, 24, 16, 25, 22, 
2023/2/27, 40, 27, 30, 27, 
2023/2/28, 55, 42, 26, 35, 
2023/3/1, 84, 35, 15, 22, 
2023/3/2, 85, 27, 20, 16, 
2023/3/3, 73, 18, 29, 10, 
2023/3/4, 49, 13, 27, 11, 
2023/3/5, 38, 15, 24, 21, 
2023/3/6, 44, 14, 24, 15, 
2023/3/7, 46, 16, 27, 13, 
2023/3/8, 49, 24, 23, 18, 
2023/3/9, 72, 18, 13, 15, 
2023/3/10, 57, 14, 28, 10, 
2023/3/11, 45, 14, 29, 12, 
2023/3/12, 41, 13, 17, 11, 
2023/3/13, 41, 11, 28, 12, 
2023/3/14, 25, 14, 26, 17, 
2023/3/15, 38, 17, 29, 23, 
2023/3/16, 38, 24, 27, 17, 
2023/3/17, 50, 27, 27, 23, 
2023/3/18, 60, 29, 28, 21, 
2023/3/19, 71, 24, 22, 17, 
2023/3/20, 63, 30, 18, 19, 
2023/3/21, 74, 20, 30, 17, 
2023/3/22, 54, 12, 28, 18, 
2023/3/23, 34, 14, 29, 16, 
2023/3/24, 42, 9, 31, 11, 
2023/3/25, 25, 10, 31, 7, 
2023/3/26, 31, 11, 30, 10, 
2023/3/27, 27, 10, 32, 12, 
2023/3/28, 27, 25, 30, 25, 
2023/3/29, 56, 23, 29, 19, 
2023/3/30, 52, 12, 27, 19, 
2023/3/31, 36, 11, 28, 12, 
2022/10/1, 55, 14, 19, 8, 
2022/10/2, 41, 13, 20, 5, 
2022/10/3, 41, 15, 20, 15, 
2022/10/4, 41, 21, 21, 19, 
2022/10/5, 48, 17, 24, 17, 
2022/10/6, 40, 24, 23, 25, 
2022/10/7, 56, 19, 20, 16, 
2022/10/8, 52, 15, 21, 16, 
2022/10/9, 44, 20, 17, 19, 
2022/10/10, 49, 21, 20, 20, 
2022/10/11, 47, 30, 24, 27, 
2022/10/12, 62, 36, 16, 23, 
2022/10/13, 77, 39, 16, 23, 
2022/10/14, 83, 21, 13, 14, 
2022/10/15, 60, 17, 20, 14, 
2022/10/16, 44, 27, 19, 23, 
2022/10/17, 57, 24, 13, 21, 
2022/10/18, 63, 14, 22, 15, 
2022/10/19, 38, 17, 20, 18, 
2022/10/20, 48, 24, 10, 16, 
2022/10/21, 62, 24, 16, 15, 
2022/10/22, 64, 19, 19, 13, 
2022/10/23, 52, 31, 16, 16, 
2022/10/24, 52, 19, 20, 19, 
2022/10/25, 51, 23, 18, 23, 
2022/10/26, 58, 26, 20, 22, 
2022/10/27, 61, 28, 12, 20, 
2022/10/28, 61, 34, 17, 19, 
2022/10/29, 72, 46, 16, 21, 
2022/10/30, 96, 48, 8, 18, 
2022/10/31, 103, 37, 8, 17, 
2022/11/1, 83, 21, 20, 19, 
2022/11/2, 48, 23, 11, 20, 
2022/11/3, 52, 22, 10, 16, 
2022/11/4, 64, 21, 19, 18, 
2022/11/5, 57, 18, 18, 13, 
2022/11/6, 55, 17, 16, 17, 
2022/11/7, 47, 17, 17, 21, 
2022/11/8, 43, 15, 12, 20, 
2022/11/9, 43, 18, 20, 20, 
2022/11/10, 46, 20, 12, 21, 
2022/11/11, 53, 29, 12, 28, 
2022/11/12, 71, 25, 19, 13, 
2022/11/13, 72, 38, 12, 17, 
2022/11/14, 92, 38, 5, 19, 
2022/11/15, 88, 28, 8, 11, 
2022/11/16, 74, 21, 8, 9, 
2022/11/17, 62, 26, 14, 14, 
2022/11/18, 71, 20, 10, 19, 
2022/11/19, 60, 21, 11, 16, 
2022/11/20, 65, 26, 11, 21, 
2022/11/21, 75, 27, 12, 19, 
2022/11/22, 77, 31, 2, 18, 
2022/11/23, 84, 43, 1, 18, 
2022/11/24, 101, 38, 2, 18, 
2022/11/25, 91, 28, 12, 16, 
2022/11/26, 69, 28, 10, 14, 
2022/11/27, 69, 30, 8, 15, 
2022/11/28, 77, 39, 4, 16, 
2022/11/29, 96, 47, 8, 14, 
2022/11/30, 114, 41, 7, 14, 
2022/12/1, 104, 32, 11, 12, 
2022/12/2, 84, 41, 8, 9, 
2022/12/3, 102, 44, 2, 7, 
2022/12/4, 116, 35, 3, 12, 
2022/12/5, 89, 21, 4, 10, 
2022/12/6, 61, 17, 16, 17, 
2022/12/7, 52, 20, 14, 22, 
2022/12/8, 61, 25, 18, 23, 
2022/12/9, 72, 23, 15, 14, 
2022/12/10, 70, 21, 19, 10, 
2022/12/11, 67, 17, 14, 11, 
2022/12/12, 56, 28, 12, 22, 
2022/12/13, 71, 37, 5, 24, 
2022/12/14, 92, 51, 2, 25, 
2022/12/15, 126, 51, 5, 23, 
2022/12/16, 124, 34, 10, 18, 
2022/12/17, 93, 29, 12, 13, 
2022/12/18, 83, 30, 14, 18, 
2022/12/19, 76, 24, 9, 19, 
2022/12/20, 70, 27, 7, 18, 
2022/12/21, 76, 22, 10, 19, 
2022/12/22, 63, 19, 17, 21, 
2022/12/23, 59, 17, 20, 15, 
2022/12/24, 55, 18, 13, 14, 
2022/12/25, 56, 11, 26, 10, 
2022/12/26, 37, 15, 23, 15, 
2022/12/27, 43, 11, 19, 13, 
2022/12/28, 40, 10, 24, 13, 
2022/12/29, 34, 15, 22, 16, 
2022/12/30, 38, 17, 20, 7, 
2022/12/31, 44, 55, 21, 12, 
2023/1/1, 89, 24, 24, 13, 
2022/8/31, 19, 6, 26, 5, 
2022/9/1, 17, 9, 27, 7, 
2022/9/2, 19, 11, 31, 4, 
2022/9/3, 21, 10, 33, 3, 
2022/9/4, 25, 15, 35, 5, 
2022/9/5, 40, 22, 34, 12, 
2022/9/6, 37, 29, 41, 22, 
2022/9/7, 52, 28, 27, 15, 
2022/9/8, 58, 14, 28, 16, 
2022/9/9, 37, 14, 28, 15, 
2022/9/10, 33, 22, 27, 9, 
2022/9/11, 63, 10, 29, 9, 
2022/9/12, 33, 13, 23, 9, 
2022/9/13, 42, 27, 27, 14, 
2022/9/14, 46, 23, 23, 15, 
2022/9/15, 47, 26, 26, 10, 
2022/9/16, 41, 10, 24, 8, 
2022/9/17, 30, 9, 22, 6, 
2022/9/18, 28, 10, 15, 13, 
2022/9/19, 30, 10, 18, 18, 
2022/9/20, 30, 12, 20, 18, 
2022/9/21, 36, 17, 26, 22, 
2022/9/22, 41, 25, 30, 25, 
2022/9/23, 58, 24, 23, 19, 
2022/9/24, 65, 23, 29, 12, 
2022/9/25, 66, 18, 25, 18, 
2022/9/26, 42, 11, 19, 17, 
2022/9/27, 37, 18, 18, 17, 
2022/9/28, 42, 20, 18, 19, 
2022/9/29, 55, 26, 25, 23, 
2022/9/30, 64, 19, 18, 16, 
2022/8/30, , 8, 27, 5, 
2022/1/3, , 14, 16, 22, 
2022/1/4, , 12, 17, 14, 
2022/1/5, , 69, 18, 18, 
2022/1/6, , 20, 11, 18, 
2022/1/7, , 21, 14, 17, 
2022/1/8, , 20, 18, 12, 
2022/1/9, , 15, 11, 20, 
2022/1/10, , 33, 13, 20, 
2022/1/11, , 41, 13, 20, 
2022/1/12, , 29, 13, 14, 
2022/1/13, , 22, 22, 15, 
2022/1/14, , 24, 21, 22, 
2022/1/15, , 42, 15, 13, 
2022/1/16, , 28, 19, 14, 
2022/1/17, , 15, 11, 22, 
2022/1/18, , 23, 16, 16, 
2022/1/19, , 24, 19, 11, 
2022/1/20, , 17, 12, 15, 
2022/1/21, , 15, 13, 18, 
2022/1/22, , 24, 13, 13, 
2022/1/23, , 13, 11, 21, 
2022/1/24, , 17, 12, 15, 
2022/1/25, , 19, 9, 13, 
2022/1/26, , 19, 24, 14, 
2022/1/27, , 19, 26, 10, 
2022/1/28, , 17, 29, 11, 
2022/1/29, , 16, 28, 4, 
2022/1/30, , 17, 22, 19, 
2022/1/31, , 30, 24, 15, 
2022/2/1, , 16, 27, 11, 
2022/2/2, , 14, 15, 21, 
2022/2/3, , 19, 20, 17, 
2022/2/4, , 17, 25, 12, 
2022/2/5, , 12, 26, 8, 
2022/2/6, , 7, 25, 10, 
2022/2/7, , 12, 17, 16, 
2022/2/8, , 16, 20, 16, 
2022/2/9, , 19, 18, 20, 
2022/2/10, , 20, 22, 18, 
2022/2/11, , 19, 24, 21, 
2022/2/12, , 18, 19, 15, 
2022/2/13, , 21, 22, 22, 
2022/2/14, , 28, 19, 22, 
2022/2/15, , 29, 20, 13, 
2022/2/16, , 9, 28, 9, 
2022/2/17, , 13, 32, 17, 
2022/2/18, , 13, 31, 10, 
2022/2/19, , 12, 25, 9, 
2022/2/20, , 8, 29, 14, 
2022/2/21, , 11, 26, 11, 
2022/2/22, , 17, , , 
2021/10/1, , 20, 24, 19, 
2021/10/2, , 19, 31, 8, 
2021/10/3, , 27, 15, 23, 
2021/10/4, , 21, 11, 18, 
2021/10/5, , 20, 20, 20, 
2021/10/6, , 22, 18, 24, 
2021/10/7, , 26, 25, 17, 
2021/10/8, , 41, 28, 18, 
2021/10/9, , 33, 27, 20, 
2021/10/10, , 33, 15, 21, 
2021/10/11, , 35, 22, 16, 
2021/10/12, , 11, 15, 18, 
2021/10/13, , 13, 11, 17, 
2021/10/14, , 16, 16, 16, 
2021/10/15, , 18, 19, 16, 
2021/10/16, , 15, 19, 15, 
2021/10/17, , 18, 17, 23, 
2021/10/18, , 48, 13, 17, 
2021/10/19, , 38, 21, 14, 
2021/10/20, , 24, 27, 10, 
2021/10/21, , 29, 24, 13, 
2021/10/22, , 16, 21, 14, 
2021/10/23, , 17, 24, 17, 
2021/10/24, , 20, 11, 24, 
2021/10/25, , 34, 10, 23, 
2021/10/26, , 32, 15, 19, 
2021/10/27, , 30, 12, 22, 
2021/10/28, , 27, 13, 24, 
2021/10/29, , 41, 24, 24, 
2021/10/30, , 43, 21, 15, 
2021/10/31, , 32, 17, 21, 
2021/11/1, , 40, 13, 20, 
2021/11/2, , 30, 5, 21, 
2021/11/3, , 22, 23, 12, 
2021/11/4, , 21, 21, 15, 
2021/11/5, , 17, 17, 13, 
2021/11/6, , 16, 20, 9, 
2021/11/7, , 12, 19, 23, 
2021/11/8, , 19, 10, 21, 
2021/11/9, , 40, 6, 22, 
2021/11/10, , 39, 5, 20, 
2021/11/11, , 41, 10, 18, 
2021/11/12, , 25, 3, 15, 
2021/11/13, , 32, 13, 11, 
2021/11/14, , 40, 12, 14, 
2021/11/15, , 36, 7, 18, 
2021/11/16, , 40, 7, 15, 
2021/11/17, , 23, 14, 18, 
2021/11/18, , 33, 13, 16, 
2021/11/19, , 26, 18, 12, 
2021/11/20, , 18, 17, 13, 
2021/11/21, , 18, 17, 16, 
2021/11/22, , 22, 11, 20, 
2021/11/23, , 20, 12, 22, 
2021/11/24, , 21, 18, 21, 
2021/11/25, , 34, 13, 19, 
2021/11/26, , 28, 7, 16, 
2021/11/27, , 23, 9, 15, 
2021/11/28, , 26, 6, 15, 
2021/11/29, , 22, 21, 13, 
2021/11/30, , 17, 26, 17, 
2021/12/1, , 12, 22, 16, 
2021/12/2, , 13, 15, 19, 
2021/12/3, , 17, 14, 14, 
2021/12/4, , 19, 10, 12, 
2021/12/5, , 35, 9, 17, 
2021/12/6, , 29, 6, 16, 
2021/12/7, , 29, 6, 16, 
2021/12/8, , 32, 8, 18, 
2021/12/9, , 42, , 19, 
2021/12/10, , 47, 3, 18, 
2021/12/11, , 29, 6, 15, 
2021/12/12, , 28, 3, 19, 
2021/12/13, , 23, 3, 20, 
2021/12/14, , 24, 6, 17, 
2021/12/15, , 25, 12, 17, 
2021/12/16, , 21, 17, 14, 
2021/12/17, , 21, 17, 13, 
2021/12/18, , 11, 21, 7, 
2021/12/19, , 9, 16, 19, 
2021/12/20, , 16, 10, 20, 
2021/12/21, , 26, 14, 21, 
2021/12/22, , 35, 4, 20, 
2021/12/23, , 37, 26, 13, 
2021/12/24, , 15, 18, 23, 
2021/12/25, , 15, 16, 22, 
2021/12/26, , 28, 12, 19, 
2021/12/27, , 44, 4, 18, 
2021/12/28, , 46, 2, 21, 
2021/12/29, , 28, 13, 19, 
2021/12/30, , 20, 15, 11, 
2021/12/31, , 12, 13, 11, 
2022/1/1, , 29, 20, 9, 
2022/1/2, , 14, 22, 17, 
2021/7/1, , 15, 27, 16, 
2021/7/2, , 25, 33, 15, 
2021/7/3, , 24, 46, 13, 
2021/7/4, , 21, 27, 19, 
2021/7/5, , 22, 28, 17, 
2021/7/6, , 14, 26, 17, 
2021/7/7, , 12, 23, 19, 
2021/7/8, , 21, 21, 11, 
2021/7/9, , 16, 33, 13, 
2021/7/10, , 16, 39, 12, 
2021/7/11, , 20, 38, 20, 
2021/7/12, , 23, 44, 21, 
2021/7/13, , 24, 32, 17, 
2021/7/14, , 25, 32, 21, 
2021/7/15, , 17, 37, 22, 
2021/7/16, , 23, 30, 9, 
2021/7/17, , 21, 21, 7, 
2021/7/18, , 16, 19, 12, 
2021/7/19, , 19, 21, 16, 
2021/7/20, , 21, 26, 18, 
2021/7/21, , 18, 28, 21, 
2021/7/22, , 22, 37, 22, 
2021/7/23, , 30, 52, 17, 
2021/7/24, , 25, 56, 11, 
2021/7/25, , 29, 41, 19, 
2021/7/26, , 32, 38, 16, 
2021/7/27, , 31, 36, 19, 
2021/7/28, , 24, 29, 14, 
2021/7/29, , 21, 32, 17, 
2021/7/30, , 22, 31, 12, 
2021/7/31, , 21, 29, 12, 
2021/8/1, , 15, 27, 16, 
2021/8/2, , 15, 29, 19, 
2021/8/3, , 15, 36, 17, 
2021/8/4, , 18, 37, 19, 
2021/8/5, , 23, 41, 23, 
2021/8/6, , 23, 27, 13, 
2021/8/7, , 13, 25, 9, 
2021/8/8, , 12, 27, 15, 
2021/8/9, , 17, 27, 17, 
2021/8/10, , 19, 27, 18, 
2021/8/11, , 20, 39, 26, 
2021/8/12, , 32, 45, 28, 
2021/8/13, , 34, 39, 15, 
2021/8/14, , 25, 36, 14, 
2021/8/15, , 24, 31, 17, 
2021/8/16, , 24, 22, 12, 
2021/8/17, , 19, 23, 13, 
2021/8/18, , 16, 26, 14, 
2021/8/19, , 18, 24, 16, 
2021/8/20, , 19, 33, 15, 
2021/8/21, , 16, 26, 9, 
2021/8/22, , 15, 27, 11, 
2021/8/23, , 15, 32, 9, 
2021/8/24, , 11, 28, 18, 
2021/8/25, , 16, 18, 12, 
2021/8/26, , 13, 15, 11, 
2021/8/27, , 9, 24, 13, 
2021/8/28, , 12, 25, 11, 
2021/8/29, , 10, 22, 16, 
2021/8/30, , 13, 25, 12, 
2021/8/31, , 17, 16, 18, 
2021/9/1, , 23, 21, 18, 
2021/9/2, , 25, 29, 21, 
2021/9/3, , 28, 20, 18, 
2021/9/4, , 31, 33, 14, 
2021/9/5, , 22, 33, 24, 
2021/9/6, , 25, 36, 23, 
2021/9/7, , 30, 42, 32, 
2021/9/8, , 37, 41, 30, 
2021/9/9, , 39, 29, 28, 
2021/9/10, , 35, 22, 17, 
2021/9/11, , 27, 23, 13, 
2021/9/12, , 21, 25, 17, 
2021/9/13, , 18, 32, 22, 
2021/9/14, , 21, 20, 21, 
2021/9/15, , 28, 25, 18, 
2021/9/16, , 20, 21, 13, 
2021/9/17, , 10, 19, 8, 
2021/9/18, , 11, 26, 8, 
2021/9/19, , 13, 25, 18, 
2021/9/20, , 18, 21, 18, 
2021/9/21, , 17, 20, 17, 
2021/9/22, , 27, 26, 17, 
2021/9/23, , 41, 23, 13, 
2021/9/24, , 23, 15, 15, 
2021/9/25, , 25, 31, 16, 
2021/9/26, , 24, 18, 22, 
2021/9/27, , 28, 22, 21, 
2021/9/28, , 22, 20, 17, 
2021/9/29, , 24, 20, 16, 
2021/9/30, , 22, 24, 21, 
2021/4/1, , 77, 29, 8, 
2021/4/2, , 13, 32, 9, 
2021/4/3, , 11, 30, 15, 
2021/4/4, , 20, 26, 8, 
2021/4/5, , 16, 26, 18, 
2021/4/6, , 18, 25, 15, 
2021/4/7, , 15, 26, 17, 
2021/4/8, , 20, 34, 21, 
2021/4/9, , 31, 27, 22, 
2021/4/10, , 23, 35, 14, 
2021/4/11, , 32, 28, 17, 
2021/4/12, , 14, 27, 21, 
2021/4/13, , 19, 31, 19, 
2021/4/14, , 15, 34, 15, 
2021/4/15, , 14, 33, 12, 
2021/4/16, , 12, 29, 12, 
2021/4/17, , 17, 23, 13, 
2021/4/18, , 24, 30, 22, 
2021/4/19, , 33, 40, 24, 
2021/4/20, , 31, 39, 22, 
2021/4/21, , 39, 29, 14, 
2021/4/22, , 27, 33, 14, 
2021/4/23, , 21, 32, 16, 
2021/4/24, , 16, 33, 11, 
2021/4/25, , 12, 32, 20, 
2021/4/26, , 16, 36, 19, 
2021/4/27, , 19, 44, 20, 
2021/4/28, , 32, 32, 27, 
2021/4/29, , 35, 32, 20, 
2021/4/30, , 22, 33, 12, 
2021/5/1, , 23, 30, 13, 
2021/5/2, , 26, 29, 21, 
2021/5/3, , 16, 34, 19, 
2021/5/4, , 26, 31, 13, 
2021/5/5, , 24, 27, 17, 
2021/5/6, , 22, 25, 23, 
2021/5/7, , 14, 36, 20, 
2021/5/8, , 16, 39, 14, 
2021/5/9, , 14, 45, 26, 
2021/5/10, , 32, 49, 21, 
2021/5/11, , 33, 22, 15, 
2021/5/12, , 20, 21, 8, 
2021/5/13, , 12, 24, 15, 
2021/5/14, , 10, 33, 19, 
2021/5/15, , 14, 28, 11, 
2021/5/16, , 10, 31, 20, 
2021/5/17, , 33, 26, 19, 
2021/5/18, , 24, 34, 22, 
2021/5/19, , 29, 31, 19, 
2021/5/20, , 25, 34, 18, 
2021/5/21, , 31, 28, 14, 
2021/5/22, , 16, 29, 11, 
2021/5/23, , 10, 35, 11, 
2021/5/24, , 14, 28, 17, 
2021/5/25, , 14, 28, 15, 
2021/5/26, , 15, 27, 18, 
2021/5/27, , 13, 23, 16, 
2021/5/28, , 13, 26, 12, 
2021/5/29, , 19, 35, 6, 
2021/5/30, , 13, 38, 17, 
2021/5/31, , 22, 36, 22, 
2021/6/1, , 73, 38, 17, 
2021/6/2, , 27, 46, 23, 
2021/6/3, , 29, 41, 24, 
2021/6/4, , 32, 50, 15, 
2021/6/5, , 22, 52, 14, 
2021/6/6, , 25, 42, 19, 
2021/6/7, , 23, 43, 21, 
2021/6/8, , 27, 40, 19, 
2021/6/9, , 19, 50, 23, 
2021/6/10, , 27, 42, 25, 
2021/6/11, , 27, 29, 14, 
2021/6/12, , 26, 27, 7, 
2021/6/13, , 17, 33, 22, 
2021/6/14, , 37, 31, 20, 
2021/6/15, , 31, 45, 17, 
2021/6/16, , 18, 56, 25, 
2021/6/17, , 34, 53, 27, 
2021/6/18, , 33, 68, 24, 
2021/6/19, , 33, 48, 14, 
2021/6/20, , 32, 41, 21, 
2021/6/21, , 26, 27, 14, 
2021/6/22, , 23, 25, 21, 
2021/6/23, , 29, 25, 19, 
2021/6/24, , 23, 35, 21, 
2021/6/25, , 22, 41, 17, 
2021/6/26, , 17, 36, 12, 
2021/6/27, , 13, 46, 25, 
2021/6/28, , 34, 42, 25, 
2021/6/29, , 42, 19, 21, 
2021/6/30, , 23, 15, 15, 
2021/1/4, , 15, 13, 10, 
2021/1/5, , 20, 14, 14, 
2021/1/6, , 9, 5, 14, 
2021/1/7, , 16, 6, 15, 
2021/1/8, , 24, 4, 11, 
2021/1/9, , 16, 11, 10, 
2021/1/10, , 21, 13, 17, 
2021/1/11, , 27, 18, 16, 
2021/1/12, , 18, 19, 15, 
2021/1/13, , 11, 15, 13, 
2021/1/14, , 22, 22, 14, 
2021/1/15, , 13, 19, 12, 
2021/1/16, , 14, 14, 16, 
2021/1/17, , 18, 14, 21, 
2021/1/18, , 36, 13, 19, 
2021/1/19, , 22, 16, 18, 
2021/1/20, , 40, 21, 18, 
2021/1/21, , 119, 24, 20, 
2021/1/22, , 37, 8, 25, 
2021/1/23, , 24, 16, 16, 
2021/1/24, , 19, 10, 19, 
2021/1/25, , 33, 16, 20, 
2021/1/26, , 32, 12, 21, 
2021/1/27, , 42, 17, 18, 
2021/1/28, , 23, 13, 21, 
2021/1/29, , 20, 14, 19, 
2021/1/30, , 19, 14, 22, 
2021/1/31, , 26, 14, 26, 
2021/2/1, , 41, 7, 21, 
2021/2/2, , 37, 1, 23, 
2021/2/3, , 27, 19, 19, 
2021/2/4, , 19, 17, 18, 
2021/2/5, , 29, 26, 8, 
2021/2/6, , 28, 28, 5, 
2021/2/7, , 30, 26, 11, 
2021/2/8, , 21, 22, 21, 
2021/2/9, , 24, 20, 32, 
2021/2/10, , 31, 20, 24, 
2021/2/11, , 16, 27, 22, 
2021/2/12, , 13, 18, 24, 
2021/2/13, , 17, 17, 24, 
2021/2/14, , 32, 22, 32, 
2021/2/15, , 35, 11, 28, 
2021/2/16, , 46, 10, 26, 
2021/2/17, , 27, 21, 26, 
2021/2/18, , 35, 20, 25, 
2021/2/19, , 44, 17, 26, 
2021/2/20, , 34, 20, 20, 
2021/2/21, , 39, 13, 25, 
2021/2/22, , 96, 8, 27, 
2021/2/23, , 115, 15, 27, 
2021/2/24, , 92, 15, 28, 
2021/2/25, , 113, 19, 23, 
2021/2/26, , 38, 24, 15, 
2021/2/27, , 19, 13, 15, 
2021/2/28, , 20, 15, 24, 
2021/3/1, , 44, 3, 31, 
2021/3/2, , 53, 13, 29, 
2021/3/3, , 59, 23, 20, 
2021/3/4, , 40, 25, 20, 
2021/3/5, , 23, 18, 21, 
2021/3/6, , 22, 21, 9, 
2021/3/7, , 18, 31, 16, 
2021/3/8, , 22, 25, 31, 
2021/3/9, , 39, 25, 31, 
2021/3/10, , 50, 25, 18, 
2021/3/11, , 29, 26, 16, 
2021/3/12, , 18, 28, 14, 
2021/3/13, , 8, 28, 10, 
2021/3/14, , 8, 23, 20, 
2021/3/15, , 15, 22, 17, 
2021/3/16, , 18, 18, 27, 
2021/3/17, , 19, 22, 26, 
2021/3/18, , 29, 26, 13, 
2021/3/19, , 18, 23, 15, 
2021/3/20, , 15, 28, 9, 
2021/3/21, , 11, 28, 23, 
2021/3/22, , 21, 18, 22, 
2021/3/23, , 23, 25, 28, 
2021/3/24, , 47, 29, 35, 
2021/3/25, , 59, 25, 38, 
2021/3/26, , 61, 26, 17, 
2021/3/27, , 28, 28, 12, 
2021/3/28, , 15, 28, 24, 
2021/3/29, , 30, 33, 34, 
2021/3/30, , 46, 40, 41, 
2021/3/31, , 68, 29, 33, 
2020/10/1, , 34, 14, 16, 
2020/10/2, , 38, 27, 12, 
2020/10/3, , 27, 24, 14, 
2020/10/4, , 12, 9, 23, 
2020/10/5, , 19, 14, 18, 
2020/10/6, , 13, 11, 19, 
2020/10/7, , 13, 14, 17, 
2020/10/8, , 16, 15, 20, 
2020/10/9, , 12, 20, 18, 
2020/10/10, , 15, 16, 15, 
2020/10/11, , 14, 14, 22, 
2020/10/12, , 18, 16, 20, 
2020/10/13, , 25, 19, 11, 
2020/10/14, , 7, 18, 11, 
2020/10/15, , 8, 18, 13, 
2020/10/16, , 12, 16, 15, 
2020/10/17, , 15, 14, 12, 
2020/10/18, , 18, 13, 23, 
2020/10/19, , 20, 10, 19, 
2020/10/20, , 29, 7, 20, 
2020/10/21, , 28, 14, 23, 
2020/10/22, , 40, 15, 24, 
2020/10/23, , 29, 18, 16, 
2020/10/24, , 18, 16, 12, 
2020/10/25, , 16, 5, 19, 
2020/10/26, , 26, 14, 18, 
2020/10/27, , 17, 10, 17, 
2020/10/28, , 15, 15, 20, 
2020/10/29, , 14, 10, 20, 
2020/10/30, , 13, 8, 17, 
2020/10/31, , 15, 8, 11, 
2020/11/1, , 19, 10, 14, 
2020/11/2, , 14, 20, 22, 
2020/11/3, , 22, 17, 22, 
2020/11/4, , 22, 13, 21, 
2020/11/5, , 21, 10, 18, 
2020/11/6, , 24, 11, 27, 
2020/11/7, , 28, 4, 18, 
2020/11/8, , 39, 8, 15, 
2020/11/9, , 41, 6, 17, 
2020/11/10, , 31, 4, 17, 
2020/11/11, , 31, 6, 17, 
2020/11/12, , 30, 6, 21, 
2020/11/13, , 30, 6, 19, 
2020/11/14, , 28, 12, 12, 
2020/11/15, , 20, 14, 19, 
2020/11/16, , 20, 10, 19, 
2020/11/17, , 14, 15, 18, 
2020/11/18, , 19, 19, 17, 
2020/11/19, , 15, 13, 21, 
2020/11/20, , 15, 20, 15, 
2020/11/21, , 19, 18, 11, 
2020/11/22, , 12, 10, 21, 
2020/11/23, , 15, 5, 22, 
2020/11/24, , 28, 3, 19, 
2020/11/25, , 30, , 20, 
2020/11/26, , 32, 17, 20, 
2020/11/27, , 27, 18, 18, 
2020/11/28, , 19, 9, 15, 
2020/11/29, , 17, 7, 23, 
2020/11/30, , 22, 4, 20, 
2020/12/1, , 32, 2, 20, 
2020/12/2, , 44, 6, 19, 
2020/12/3, , 49, 4, 20, 
2020/12/4, , 31, 7, 23, 
2020/12/5, , 36, 17, 14, 
2020/12/6, , 24, 14, 20, 
2020/12/7, , 30, 3, 17, 
2020/12/8, , 41, 4, 14, 
2020/12/9, , 44, 4, 13, 
2020/12/10, , 41, 4, 15, 
2020/12/11, , 32, 4, 16, 
2020/12/12, , 40, 1, 11, 
2020/12/13, , 40, 3, 17, 
2020/12/14, , 31, 1, 22, 
2020/12/15, , 32, 1, 18, 
2020/12/16, , 27, 3, 16, 
2020/12/17, , 26, 4, 20, 
2020/12/18, , 28, 5, 16, 
2020/12/19, , 25, 5, 12, 
2020/12/20, , 24, 3, 16, 
2020/12/21, , 25, 17, 14, 
2020/12/22, , 17, 21, 21, 
2020/12/23, , 20, 19, 11, 
2020/12/24, , 10, 18, 9, 
2020/12/25, , 9, 15, 11, 
2020/12/26, , 16, 21, 7, 
2020/12/27, , 13, 12, 14, 
2020/12/28, , 18, 10, 16, 
2020/12/29, , 23, 10, 18, 
2020/12/30, , 16, 10, 16, 
2020/12/31, , 26, 9, 14, 
2021/1/1, , 40, 9, 15, 
2021/1/2, , 23, 11, 9, 
2021/1/3, , 16, 9, 10, 
2020/7/1, , 15, 28, 25, 
2020/7/2, , 18, 31, 21, 
2020/7/3, , 17, 33, 23, 
2020/7/4, , 18, 24, 14, 
2020/7/5, , 12, 22, 17, 
2020/7/6, , 18, 27, 17, 
2020/7/7, , 19, 24, 22, 
2020/7/8, , 15, 16, 26, 
2020/7/9, , 18, 21, 20, 
2020/7/10, , 15, 24, 13, 
2020/7/11, , 10, 27, 11, 
2020/7/12, , 9, 31, 23, 
2020/7/13, , 20, 40, 36, 
2020/7/14, , 31, 30, 21, 
2020/7/15, , 18, 21, 17, 
2020/7/16, , 16, 17, 22, 
2020/7/17, , 17, 39, 27, 
2020/7/18, , 27, 46, 25, 
2020/7/19, , 29, 29, 20, 
2020/7/20, , 22, 25, 17, 
2020/7/21, , 19, 28, 18, 
2020/7/22, , 18, 28, 23, 
2020/7/23, , 15, 42, 26, 
2020/7/24, , 24, 32, 21, 
2020/7/25, , 17, 24, 21, 
2020/7/26, , 19, 31, 25, 
2020/7/27, , 20, 29, 19, 
2020/7/28, , 21, 28, 17, 
2020/7/29, , 20, 27, 19, 
2020/7/30, , 21, 33, 22, 
2020/7/31, , 20, 39, 15, 
2020/8/1, , 20, 23, 14, 
2020/8/2, , 19, 25, 15, 
2020/8/3, , 17, 25, 18, 
2020/8/4, , 15, 40, 27, 
2020/8/5, , 24, 43, 25, 
2020/8/6, , 23, 50, 30, 
2020/8/7, , 32, 72, 31, 
2020/8/8, , 43, 64, 21, 
2020/8/9, , 38, 46, 24, 
2020/8/10, , 41, 42, 16, 
2020/8/11, , 37, 44, 17, 
2020/8/12, , 32, 54, 32, 
2020/8/13, , 39, 48, 26, 
2020/8/14, , 29, 65, 23, 
2020/8/15, , 27, , 16, 
2020/8/16, , 23, 49, 26, 
2020/8/17, , 30, 36, 23, 
2020/8/18, , 23, 36, 21, 
2020/8/19, , 17, 39, 32, 
2020/8/20, , 27, 46, 31, 
2020/8/21, , 29, 29, 19, 
2020/8/22, , 22, 30, 11, 
2020/8/23, , 14, 24, 17, 
2020/8/24, , 17, 30, 21, 
2020/8/25, , 19, 19, 16, 
2020/8/26, , 14, 24, 15, 
2020/8/27, , 14, 24, 25, 
2020/8/28, , 26, 27, 20, 
2020/8/29, , 16, 27, 18, 
2020/8/30, , 22, 23, 18, 
2020/8/31, , 16, 24, 16, 
2020/9/1, , 13, 14, 20, 
2020/9/2, , 15, 35, 23, 
2020/9/3, , 17, 21, 20, 
2020/9/4, , 16, 19, 17, 
2020/9/5, , 15, 22, 11, 
2020/9/6, , 13, 21, 21, 
2020/9/7, , 16, 23, 21, 
2020/9/8, , 20, 22, 19, 
2020/9/9, , 23, 22, 19, 
2020/9/10, , 16, 29, 29, 
2020/9/11, , 28, 35, 24, 
2020/9/12, , 27, 29, 15, 
2020/9/13, , 23, 37, 40, 
2020/9/14, , 41, 37, 36, 
2020/9/15, , 43, 45, 32, 
2020/9/16, , 37, 25, 12, 
2020/9/17, , 15, 25, 24, 
2020/9/18, , 21, 32, 21, 
2020/9/19, , 25, 37, 14, 
2020/9/20, , 27, 34, 32, 
2020/9/21, , 37, 38, 40, 
2020/9/22, , 51, 44, 40, 
2020/9/23, , 54, 25, 28, 
2020/9/24, , 40, 12, 26, 
2020/9/25, , 20, 16, 16, 
2020/9/26, , 14, 15, 12, 
2020/9/27, , 9, 21, 21, 
2020/9/28, , 14, 16, 25, 
2020/9/29, , 21, 26, 28, 
2020/9/30, , 28, 15, 23, 
2020/4/1, , 16, 29, 19, 
2020/4/2, , 22, 29, 17, 
2020/4/3, , 21, 36, 20, 
2020/4/4, , 18, 37, 15, 
2020/4/5, , 27, 43, 27, 
2020/4/6, , 41, 36, 24, 
2020/4/7, , 38, 44, 26, 
2020/4/8, , 42, 35, 27, 
2020/4/9, , 42, 34, 13, 
2020/4/10, , 17, 38, 19, 
2020/4/11, , 29, 42, 19, 
2020/4/12, , 28, 26, 9, 
2020/4/13, , 18, 30, 15, 
2020/4/14, , 25, 31, 18, 
2020/4/15, , 24, 35, 23, 
2020/4/16, , 35, 39, 19, 
2020/4/17, , 50, 39, 10, 
2020/4/18, , 22, 33, 5, 
2020/4/19, , 11, 36, 13, 
2020/4/20, , 17, 37, 13, 
2020/4/21, , 39, 39, 15, 
2020/4/22, , 31, 44, 25, 
2020/4/23, , 43, 45, 29, 
2020/4/24, , 60, 36, 11, 
2020/4/25, , 19, 39, 17, 
2020/4/26, , 18, 44, 33, 
2020/4/27, , 53, 55, 30, 
2020/4/28, , 45, 24, 20, 
2020/4/29, , 22, 25, 21, 
2020/4/30, , 20, 31, 9, 
2020/5/1, , 8, 28, 16, 
2020/5/2, , 13, 28, 11, 
2020/5/3, , 14, 23, 27, 
2020/5/4, , 23, 29, 21, 
2020/5/5, , 12, 32, 18, 
2020/5/6, , 13, 30, 24, 
2020/5/7, , 25, 46, 22, 
2020/5/8, , 26, 41, 24, 
2020/5/9, , 22, 51, 16, 
2020/5/10, , 23, 22, 16, 
2020/5/11, , 16, 28, 21, 
2020/5/12, , 14, 32, 26, 
2020/5/13, , 20, 30, 20, 
2020/5/14, , 13, 33, 28, 
2020/5/15, , 17, 33, 17, 
2020/5/16, , 13, 30, 15, 
2020/5/17, , 12, 39, 29, 
2020/5/18, , 21, 29, 27, 
2020/5/19, , 23, 35, 23, 
2020/5/20, , 19, 40, 11, 
2020/5/21, , 14, 40, 22, 
2020/5/22, , 22, 28, 17, 
2020/5/23, , 22, 25, 11, 
2020/5/24, , 14, 19, 13, 
2020/5/25, , 13, 31, 13, 
2020/5/26, , 15, 38, 23, 
2020/5/27, , 22, 31, 11, 
2020/5/28, , 14, 32, 14, 
2020/5/29, , 13, 31, 8, 
2020/5/30, , 12, 32, 6, 
2020/5/31, , 14, 34, 7, 
2020/6/1, , 14, 30, 19, 
2020/6/2, , 17, 36, 19, 
2020/6/3, , 20, 39, 24, 
2020/6/4, , 26, 30, 21, 
2020/6/5, , 17, , , 
2020/1/1, , 72, 4, 29, 
2020/1/2, , 43, 11, 19, 
2020/1/3, , 17, 22, 17, 
2020/1/4, , 12, 17, 20, 
2020/1/5, , 17, 15, 26, 
2020/1/6, , 23, 6, 26, 
2020/1/7, , 27, 9, 20, 
2020/1/8, , 17, 5, 19, 
2020/1/9, , 18, 15, 21, 
2020/1/10, , 17, 21, 19, 
2020/1/11, , 15, 17, 13, 
2020/1/12, , 18, 18, 23, 
2020/1/13, , 21, 14, 22, 
2020/1/14, , 26, 14, 22, 
2020/1/15, , 33, 13, 34, 
2020/1/16, , 31, 14, 26, 
2020/1/17, , 35, 17, 25, 
2020/1/18, , 22, 15, 17, 
2020/1/19, , 23, 11, 26, 
2020/1/20, , 23, 10, 27, 
2020/1/21, , 24, 12, 24, 
2020/1/22, , 25, 13, 32, 
2020/1/23, , 29, 4, 26, 
2020/1/24, , 38, 7, 19, 
2020/1/25, , 23, 9, 15, 
2020/1/26, , 26, 12, 25, 
2020/1/27, , 37, 26, 21, 
2020/1/28, , 14, 21, 18, 
2020/1/29, , 14, 19, 23, 
2020/1/30, , 16, 18, 25, 
2020/1/31, , 17, 22, 20, 
2020/2/1, , 9, 25, 16, 
2020/2/2, , 13, 17, 25, 
2020/2/3, , 12, 20, 21, 
2020/2/4, , 13, 18, 19, 
2020/2/5, , 12, 13, 23, 
2020/2/6, , 19, 10, 27, 
2020/2/7, , 26, 15, 21, 
2020/2/8, , 27, 26, 12, 
2020/2/9, , 21, 26, 19, 
2020/2/10, , 10, 26, 15, 
2020/2/11, , 16, 25, 16, 
2020/2/12, , 17, 17, 23, 
2020/2/13, , 20, 11, 27, 
2020/2/14, , 27, 16, 22, 
2020/2/15, , 23, 22, 11, 
2020/2/16, , 10, 33, 17, 
2020/2/17, , 52, 24, 19, 
2020/2/18, , 27, 20, 20, 
2020/2/19, , 13, 18, 21, 
2020/2/20, , 19, 23, 20, 
2020/2/21, , 14, 31, 14, 
2020/2/22, , 11, 26, 14, 
2020/2/23, , 9, 23, 19, 
2020/2/24, , 14, 24, 22, 
2020/2/25, , 12, 19, 26, 
2020/2/26, , 15, 20, 27, 
2020/2/27, , 21, 22, 26, 
2020/2/28, , 19, 27, 16, 
2020/2/29, , 21, 26, 15, 
2020/3/1, , 9, 21, 26, 
2020/3/2, , 16, 12, 27, 
2020/3/3, , 15, 20, 29, 
2020/3/4, , 27, 24, 25, 
2020/3/5, , 28, 21, 26, 
2020/3/6, , 23, 19, 19, 
2020/3/7, , 28, 20, 20, 
2020/3/8, , 25, 15, 29, 
2020/3/9, , 22, 16, 20, 
2020/3/10, , 14, 22, 21, 
2020/3/11, , 15, 27, 18, 
2020/3/12, , 13, 24, 18, 
2020/3/13, , 13, 28, 24, 
2020/3/14, , 20, 30, 13, 
2020/3/15, , 15, 24, 32, 
2020/3/16, , 36, 23, 32, 
2020/3/17, , 34, 29, 27, 
2020/3/18, , 34, 23, 21, 
2020/3/19, , 29, 25, 15, 
2020/3/20, , 19, 29, 8, 
2020/3/21, , 10, 30, 10, 
2020/3/22, , 10, 31, 21, 
2020/3/23, , 20, 34, 24, 
2020/3/24, , 30, 38, 22, 
2020/3/25, , 36, 37, 15, 
2020/3/26, , 40, 40, 15, 
2020/3/27, , 51, 48, 15, 
2020/3/28, , 52, 24, 7, 
2020/3/29, , 25, , , 
2019/10/1, , 12, 17, 24, 
2019/10/2, , 10, 11, 12, 
2019/10/3, , 9, 13, 22, 
2019/10/4, , 18, 17, 12, 
2019/10/5, , 13, 22, 17, 
2019/10/6, , 12, 13, 32, 
2019/10/7, , 23, 9, 23, 
2019/10/8, , 18, 17, 20, 
2019/10/9, , 19, 16, 20, 
2019/10/10, , 13, 14, 17, 
2019/10/11, , 14, 22, 20, 
2019/10/12, , 15, 22, 19, 
2019/10/13, , 20, 22, 23, 
2019/10/14, , 22, 17, 29, 
2019/10/15, , 38, 14, 23, 
2019/10/16, , 23, 13, 22, 
2019/10/17, , 17, 19, 21, 
2019/10/18, , 14, 15, 21, 
2019/10/19, , 13, 13, 21, 
2019/10/20, , 22, 5, 26, 
2019/10/21, , 41, 8, 25, 
2019/10/22, , 29, 12, 23, 
2019/10/23, , 30, 10, 24, 
2019/10/24, , 51, 13, 24, 
2019/10/25, , 28, 18, 18, 
2019/10/26, , 15, 19, 15, 
2019/10/27, , 14, 15, 26, 
2019/10/28, , 16, 12, 24, 
2019/10/29, , 17, 12, 38, 
2019/10/30, , 24, 13, 35, 
2019/10/31, , 35, 11, 24, 
2019/11/1, , 36, 7, 19, 
2019/11/2, , 17, 7, 14, 
2019/11/3, , 20, 7, 24, 
2019/11/4, , 19, 8, 25, 
2019/11/5, , 14, 8, 23, 
2019/11/6, , 16, 4, 22, 
2019/11/7, , 21, 4, 22, 
2019/11/8, , 28, 6, 19, 
2019/11/9, , 30, 6, 19, 
2019/11/10, , 28, 8, 22, 
2019/11/11, , 26, 5, 22, 
2019/11/12, , 27, 3, 25, 
2019/11/13, , 33, 10, 23, 
2019/11/14, , 29, 13, 18, 
2019/11/15, , 35, 4, 19, 
2019/11/16, , 31, 4, 17, 
2019/11/17, , 29, 7, 23, 
2019/11/18, , 30, 11, 22, 
2019/11/19, , 19, 4, 26, 
2019/11/20, , 24, 1, 19, 
2019/11/21, , 45, 2, 20, 
2019/11/22, , 35, 5, 13, 
2019/11/23, , 39, 6, 12, 
2019/11/24, , 42, 2, 15, 
2019/11/25, , 49, , 18, 
2019/11/26, , 39, 5, 21, 
2019/11/27, , 23, 19, 20, 
2019/11/28, , 13, 17, 20, 
2019/11/29, , 13, 11, 27, 
2019/11/30, , 19, 8, 21, 
2019/12/1, , 31, 19, 25, 
2019/12/2, , 19, 12, 28, 
2019/12/3, , 22, 10, 24, 
2019/12/4, , 32, 3, 26, 
2019/12/5, , 37, 13, 23, 
2019/12/6, , 28, 18, 16, 
2019/12/7, , 11, 23, 12, 
2019/12/8, , 11, 22, 24, 
2019/12/9, , 16, 19, 28, 
2019/12/10, , 22, 15, 25, 
2019/12/11, , 35, 6, 25, 
2019/12/12, , 27, 4, 24, 
2019/12/13, , 34, 24, 19, 
2019/12/14, , 17, 23, 16, 
2019/12/15, , 11, 17, 31, 
2019/12/16, , 19, 2, 27, 
2019/12/17, , 34, 17, 29, 
2019/12/18, , 27, 1, 24, 
2019/12/19, , 35, 3, 27, 
2019/12/20, , 36, 9, 26, 
2019/12/21, , 24, 3, 20, 
2019/12/22, , 27, 13, 24, 
2019/12/23, , 18, 16, 18, 
2019/12/24, , 16, 14, 13, 
2019/12/25, , 13, 13, 16, 
2019/12/26, , 13, 10, 16, 
2019/12/27, , 13, 17, 20, 
2019/12/28, , 11, 13, 22, 
2019/12/29, , 20, , , 
2019/7/1, , 22, 28, 15, 
2019/7/2, , 21, 26, 17, 
2019/7/3, , 19, 28, 20, 
2019/7/4, , 19, 22, 18, 
2019/7/5, , 18, 30, 16, 
2019/7/6, , 18, 27, 8, 
2019/7/7, , 14, 22, 19, 
2019/7/8, , 12, 24, 17, 
2019/7/9, , 14, 23, 16, 
2019/7/10, , 17, 38, 25, 
2019/7/11, , 20, 28, 23, 
2019/7/12, , 18, 29, 17, 
2019/7/13, , 17, 30, 11, 
2019/7/14, , 18, 22, 18, 
2019/7/15, , 17, 17, 16, 
2019/7/16, , 15, 28, 19, 
2019/7/17, , 21, 40, 26, 
2019/7/18, , 20, 35, 25, 
2019/7/19, , 29, 41, 24, 
2019/7/20, , 22, , 11, 
2019/7/21, , 17, 34, 23, 
2019/7/22, , 21, 30, 24, 
2019/7/23, , 23, 38, 25, 
2019/7/24, , 23, 40, 21, 
2019/7/25, , 27, 36, 13, 
2019/7/26, , 19, 36, 10, 
2019/7/27, , 23, 52, 14, 
2019/7/28, , 19, 54, 31, 
2019/7/29, , 34, 27, 19, 
2019/7/30, , 29, 28, 24, 
2019/7/31, , 30, 30, 23, 
2019/8/1, , 16, 35, 26, 
2019/8/2, , 19, 32, 19, 
2019/8/3, , 19, 29, 16, 
2019/8/4, , 14, 35, 30, 
2019/8/5, , 28, 38, 27, 
2019/8/6, , 24, , 28, 
2019/8/7, , 24, 31, 24, 
2019/8/8, , 21, 40, 31, 
2019/8/9, , 22, 29, 17, 
2019/8/10, , 17, 37, 18, 
2019/8/11, , 16, 29, 26, 
2019/8/12, , 20, 29, 22, 
2019/8/13, , 18, 31, 26, 
2019/8/14, , 16, 27, 27, 
2019/8/15, , 25, 22, 22, 
2019/8/16, , 18, 35, 21, 
2019/8/17, , 20, 20, 13, 
2019/8/18, , 10, 28, 23, 
2019/8/19, , 17, 29, 35, 
2019/8/20, , 24, 36, 28, 
2019/8/21, , 16, 45, 36, 
2019/8/22, , 28, 43, 31, 
2019/8/23, , 26, 46, 24, 
2019/8/24, , 27, 45, 15, 
2019/8/25, , 19, 50, 28, 
2019/8/26, , 30, 45, 34, 
2019/8/27, , 29, 48, 35, 
2019/8/28, , 33, 51, 33, 
2019/8/29, , 22, 52, 25, 
2019/8/30, , 27, 60, 28, 
2019/8/31, , 24, 45, 16, 
2019/9/1, , 23, 26, 21, 
2019/9/2, , 16, 26, 29, 
2019/9/3, , 23, 38, 29, 
2019/9/4, , 29, 24, 21, 
2019/9/5, , 19, 27, 23, 
2019/9/6, , 20, 24, 25, 
2019/9/7, , 21, 34, 15, 
2019/9/8, , 14, 20, 20, 
2019/9/9, , 11, 34, 23, 
2019/9/10, , 15, 37, 29, 
2019/9/11, , 28, 19, 24, 
2019/9/12, , 18, 21, 21, 
2019/9/13, , 18, 25, 24, 
2019/9/14, , 17, 34, 18, 
2019/9/15, , 20, 18, 22, 
2019/9/16, , 23, 18, 19, 
2019/9/17, , 16, 24, 18, 
2019/9/18, , 15, 20, 23, 
2019/9/19, , 15, 17, 28, 
2019/9/20, , 18, 26, 27, 
2019/9/21, , 21, 28, 25, 
2019/9/22, , 23, 28, 33, 
2019/9/23, , 32, 13, 27, 
2019/9/24, , 40, 6, 28, 
2019/9/25, , 28, 14, 25, 
2019/9/26, , 24, 8, 25, 
2019/9/27, , 15, 15, 20, 
2019/9/28, , 14, 17, 13, 
2019/9/29, , 11, 21, 17, 
2019/9/30, , 9, 13, 21, 
2019/4/1, , 17, 32, 28, 
2019/4/2, , 28, 39, 33, 
2019/4/3, , 53, 40, 32, 
2019/4/4, , 44, 29, 25, 
2019/4/5, , 49, 47, 24, 
2019/4/6, , 45, 46, 19, 
2019/4/7, , 42, 45, 26, 
2019/4/8, , 62, 40, 15, 
2019/4/9, , 26, 35, 19, 
2019/4/10, , 24, 29, 14, 
2019/4/11, , 16, 26, 16, 
2019/4/12, , 16, 32, 14, 
2019/4/13, , 23, 28, 12, 
2019/4/14, , 22, 39, 19, 
2019/4/15, , 22, 42, 27, 
2019/4/16, , 29, 40, 26, 
2019/4/17, , 32, 51, 31, 
2019/4/18, , 35, 56, 19, 
2019/4/19, , 31, 49, 22, 
2019/4/20, , 25, 48, 19, 
2019/4/21, , 20, 44, 11, 
2019/4/22, , 24, 43, 19, 
2019/4/23, , 42, 35, 22, 
2019/4/24, , 35, 42, 27, 
2019/4/25, , 28, 40, 28, 
2019/4/26, , 39, 32, 18, 
2019/4/27, , 21, 26, 13, 
2019/4/28, , 12, 35, 16, 
2019/4/29, , 20, 43, 23, 
2019/4/30, , 17, 35, 19, 
2019/5/1, , 28, 26, 23, 
2019/5/2, , 25, 29, 23, 
2019/5/3, , 17, 27, 19, 
2019/5/4, , 14, 32, 19, 
2019/5/5, , 11, 29, 26, 
2019/5/6, , 23, 27, 25, 
2019/5/7, , 15, 40, 27, 
2019/5/8, , 26, 32, 25, 
2019/5/9, , 20, 27, 25, 
2019/5/10, , 20, 36, 22, 
2019/5/11, , 21, 34, 11, 
2019/5/12, , 14, 31, 20, 
2019/5/13, , 17, 30, 13, 
2019/5/14, , 15, 31, 13, 
2019/5/15, , 13, 26, 19, 
2019/5/16, , 13, 31, 24, 
2019/5/17, , 24, 40, 23, 
2019/5/18, , 23, 43, 20, 
2019/5/19, , 24, 35, 22, 
2019/5/20, , 24, 35, 26, 
2019/5/21, , 24, 26, 19, 
2019/5/22, , 17, 33, 21, 
2019/5/23, , 17, 48, 32, 
2019/5/24, , 27, 29, 17, 
2019/5/25, , 16, 37, 15, 
2019/5/26, , 16, 24, 24, 
2019/5/27, , 26, 30, 21, 
2019/5/28, , 20, 33, 21, 
2019/5/29, , 14, 40, 18, 
2019/5/30, , 13, 25, 23, 
2019/5/31, , 22, 36, 23, 
2019/6/1, , 29, 43, 19, 
2019/6/2, , 21, 43, 36, 
2019/6/3, , 33, 54, 30, 
2019/6/4, , 26, 53, 34, 
2019/6/5, , 33, 42, 28, 
2019/6/6, , 30, 42, 24, 
2019/6/7, , 19, 33, 15, 
2019/6/8, , 18, 37, 15, 
2019/6/9, , 13, 44, 15, 
2019/6/10, , 21, 47, 26, 
2019/6/11, , 30, 43, 27, 
2019/6/12, , 23, 38, 26, 
2019/6/13, , 18, 48, 34, 
2019/6/14, , 21, 51, 21, 
2019/6/15, , 28, 36, 15, 
2019/6/16, , 11, 53, 31, 
2019/6/17, , 21, 43, 30, 
2019/6/18, , 22, 53, 38, 
2019/6/19, , 29, 39, 31, 
2019/6/20, , 19, 37, 24, 
2019/6/21, , 17, 41, 15, 
2019/6/22, , 16, 44, 9, 
2019/6/23, , 12, 44, 23, 
2019/6/24, , 18, 57, 36, 
2019/6/25, , 31, 63, 34, 
2019/6/26, , 39, 32, 16, 
2019/6/27, , 25, 34, 19, 
2019/6/28, , 21, 45, 25, 
2019/6/29, , 19, 65, 25, 
2019/6/30, , 25, 38, 23, 
2019/1/1, , 52, 23, 13, 
2019/1/2, , 14, 14, 28, 
2019/1/3, , 19, 10, 26, 
2019/1/4, , 21, 20, 14, 
2019/1/5, , 12, 19, 18, 
2019/1/6, , 15, 12, 28, 
2019/1/7, , 22, 19, 22, 
2019/1/8, , 11, 20, 15, 
2019/1/9, , 8, 24, 20, 
2019/1/10, , 11, 15, 25, 
2019/1/11, , 20, 21, 20, 
2019/1/12, , 21, 25, 13, 
2019/1/13, , 9, 26, 19, 
2019/1/14, , 19, 19, 24, 
2019/1/15, , 19, 16, 21, 
2019/1/16, , 21, 21, 25, 
2019/1/17, , 19, 22, 26, 
2019/1/18, , 19, 16, 28, 
2019/1/19, , 33, 13, 24, 
2019/1/20, , 41, 7, 29, 
2019/1/21, , 43, 9, 30, 
2019/1/22, , 52, 18, 24, 
2019/1/23, , 57, 20, 22, 
2019/1/24, , 45, 13, 25, 
2019/1/25, , 45, 4, 27, 
2019/1/26, , 31, 15, 21, 
2019/1/27, , 14, 13, 26, 
2019/1/28, , 20, 11, 28, 
2019/1/29, , 20, 17, 27, 
2019/1/30, , 31, 5, 32, 
2019/1/31, , 46, 6, 29, 
2019/2/1, , 56, 5, 23, 
2019/2/2, , 55, 12, 14, 
2019/2/3, , 26, 12, 27, 
2019/2/4, , 24, 12, 28, 
2019/2/5, , 27, 12, 27, 
2019/2/6, , 38, 10, 28, 
2019/2/7, , 36, 17, 22, 
2019/2/8, , 34, 26, 17, 
2019/2/9, , 17, 22, 16, 
2019/2/10, , 10, 23, 21, 
2019/2/11, , 42, 24, 26, 
2019/2/12, , 19, 9, 23, 
2019/2/13, , 33, 12, 32, 
2019/2/14, , 41, 7, 44, 
2019/2/15, , 44, 17, 36, 
2019/2/16, , 35, 8, 35, 
2019/2/17, , 40, 6, 41, 
2019/2/18, , 50, 20, 30, 
2019/2/19, , 35, 16, 28, 
2019/2/20, , 24, 14, 29, 
2019/2/21, , 31, 28, 15, 
2019/2/22, , 14, 20, 28, 
2019/2/23, , 24, 15, 36, 
2019/2/24, , 34, 15, 42, 
2019/2/25, , 50, 9, 34, 
2019/2/26, , 50, 15, 41, 
2019/2/27, , 52, 14, 30, 
2019/2/28, , 47, 19, 24, 
2019/3/1, , 42, 23, 26, 
2019/3/2, , 23, 22, 13, 
2019/3/3, , 18, 29, 21, 
2019/3/4, , 20, 24, 22, 
2019/3/5, , 16, 22, 24, 
2019/3/6, , 20, 25, 26, 
2019/3/7, , 22, 28, 14, 
2019/3/8, , 15, 30, 18, 
2019/3/9, , 12, 30, 16, 
2019/3/10, , 11, 23, 24, 
2019/3/11, , 13, 25, 23, 
2019/3/12, , 20, 27, 17, 
2019/3/13, , 15, 24, 21, 
2019/3/14, , 12, 29, 20, 
2019/3/15, , 13, 28, 20, 
2019/3/16, , 13, 28, 13, 
2019/3/17, , 9, 26, 22, 
2019/3/18, , 13, 25, 28, 
2019/3/19, , 18, 30, 32, 
2019/3/20, , 31, 15, 29, 
2019/3/21, , 35, 11, 29, 
2019/3/22, , 36, 19, 18, 
2019/3/23, , 41, 29, 19, 
2019/3/24, , 19, 26, 25, 
2019/3/25, , 15, 26, 24, 
2019/3/26, , 16, 18, 26, 
2019/3/27, , 18, 15, 23, 
2019/3/28, , 16, 20, 27, 
2019/3/29, , 27, 32, 30, 
2019/3/30, , 30, 33, 17, 
2019/3/31, , 23, 33, 30, 
2018/10/1, , 30, 16, 21, 
2018/10/2, , 14, 23, 14, 
2018/10/3, , 14, 14, 27, 
2018/10/4, , 19, 23, 33, 
2018/10/5, , 31, 23, 34, 
2018/10/6, , 32, 22, 20, 
2018/10/7, , 21, 17, 36, 
2018/10/8, , 25, 7, 39, 
2018/10/9, , 44, 27, 33, 
2018/10/10, , 42, 31, 37, 
2018/10/11, , 51, 24, 48, 
2018/10/12, , 54, 30, 38, 
2018/10/13, , 48, 37, 23, 
2018/10/14, , 46, 24, 41, 
2018/10/15, , 53, 11, 46, 
2018/10/16, , 65, 8, 50, 
2018/10/17, , 69, 16, 35, 
2018/10/18, , 58, 18, 27, 
2018/10/19, , 21, 22, 31, 
2018/10/20, , 27, 19, 26, 
2018/10/21, , 27, 12, 31, 
2018/10/22, , 30, 18, 19, 
2018/10/23, , 15, 28, 20, 
2018/10/24, , 16, 23, 26, 
2018/10/25, , 13, 19, 24, 
2018/10/26, , 22, 21, 16, 
2018/10/27, , 15, 18, 10, 
2018/10/28, , 10, 19, 16, 
2018/10/29, , 15, 19, 21, 
2018/10/30, , 32, 14, 26, 
2018/10/31, , 22, 2, 31, 
2018/11/1, , 40, 9, 32, 
2018/11/2, , 31, 13, 29, 
2018/11/3, , 33, 7, 17, 
2018/11/4, , 40, 5, 30, 
2018/11/5, , 50, 7, 35, 
2018/11/6, , 44, 4, 35, 
2018/11/7, , 51, 3, 30, 
2018/11/8, , 43, 2, 26, 
2018/11/9, , 37, 5, 20, 
2018/11/10, , 39, 2, 19, 
2018/11/11, , 34, 3, 26, 
2018/11/12, , 34, 14, 27, 
2018/11/13, , 22, 9, 28, 
2018/11/14, , 32, 8, 30, 
2018/11/15, , 31, 13, 30, 
2018/11/16, , 32, 9, 19, 
2018/11/17, , 38, 17, 19, 
2018/11/18, , 37, 13, 16, 
2018/11/19, , 15, 15, 17, 
2018/11/20, , 30, 12, 18, 
2018/11/21, , 39, 13, 25, 
2018/11/22, , 39, 9, 21, 
2018/11/23, , 46, , 19, 
2018/11/24, , 50, 3, 15, 
2018/11/25, , 48, 9, 17, 
2018/11/26, , 34, 4, 29, 
2018/11/27, , 38, 12, 32, 
2018/11/28, , 33, 12, 26, 
2018/11/29, , 41, 14, 26, 
2018/11/30, , 35, 1, 26, 
2018/12/1, , 39, 9, 19, 
2018/12/2, , 20, 9, 29, 
2018/12/3, , 17, 14, 25, 
2018/12/4, , 18, 8, 32, 
2018/12/5, , 31, 2, 29, 
2018/12/6, , 29, 17, 28, 
2018/12/7, , 17, 21, 23, 
2018/12/8, , 10, 24, 14, 
2018/12/9, , 9, 20, 22, 
2018/12/10, , 15, 12, 15, 
2018/12/11, , 12, 7, 20, 
2018/12/12, , 21, 5, 19, 
2018/12/13, , 29, 9, 22, 
2018/12/14, , 33, 14, 16, 
2018/12/15, , 28, 9, 15, 
2018/12/16, , 32, 3, 27, 
2018/12/17, , 42, 1, 28, 
2018/12/18, , 34, 4, 25, 
2018/12/19, , 29, 2, 29, 
2018/12/20, , 39, 15, 27, 
2018/12/21, , 16, 23, 18, 
2018/12/22, , 13, 16, 19, 
2018/12/23, , 17, 17, 14, 
2018/12/24, , 13, 17, 11, 
2018/12/25, , 12, 17, 13, 
2018/12/26, , 19, 8, 22, 
2018/12/27, , 23, 16, 26, 
2018/12/28, , 23, 6, 23, 
2018/12/29, , 25, 24, 10, 
2018/12/30, , 12, , , 
2018/7/1, , 10, 30, 22, 
2018/7/2, , 20, 39, 34, 
2018/7/3, , 24, 64, 44, 
2018/7/4, , 30, 56, 42, 
2018/7/5, , 35, 28, 22, 
2018/7/6, , 23, 33, 17, 
2018/7/7, , 24, 32, 12, 
2018/7/8, , 22, 26, 21, 
2018/7/9, , 25, 21, 25, 
2018/7/10, , 27, 37, 25, 
2018/7/11, , 19, 19, 22, 
2018/7/12, , 19, 30, 27, 
2018/7/13, , 29, 30, 15, 
2018/7/14, , 23, 31, 14, 
2018/7/15, , 14, 39, 30, 
2018/7/16, , 25, 38, 25, 
2018/7/17, , 25, 41, 21, 
2018/7/18, , 30, 33, 26, 
2018/7/19, , 26, 45, 32, 
2018/7/20, , 28, 45, 22, 
2018/7/21, , 23, 57, 23, 
2018/7/22, , 27, 34, 23, 
2018/7/23, , 24, 30, 24, 
2018/7/24, , 24, 32, 25, 
2018/7/25, , 26, 43, 21, 
2018/7/26, , 26, 39, 23, 
2018/7/27, , 28, 49, 23, 
2018/7/28, , 24, 46, 17, 
2018/7/29, , 19, 50, 32, 
2018/7/30, , 23, 58, 39, 
2018/7/31, , 28, 43, 29, 
2018/8/1, , 32, 46, 21, 
2018/8/2, , 22, 69, 29, 
2018/8/3, , 26, 75, 25, 
2018/8/4, , 27, 31, 11, 
2018/8/5, , 14, 40, 30, 
2018/8/6, , 20, 61, 38, 
2018/8/7, , 26, 65, 38, 
2018/8/8, , 35, 68, 31, 
2018/8/9, , 34, 32, 22, 
2018/8/10, , 19, 30, 18, 
2018/8/11, , 19, 44, 18, 
2018/8/12, , 15, 45, 40, 
2018/8/13, , 30, 26, 21, 
2018/8/14, , 19, 28, 22, 
2018/8/15, , 18, 41, 36, 
2018/8/16, , 31, 57, 35, 
2018/8/17, , 33, 36, 19, 
2018/8/18, , 20, 51, 30, 
2018/8/19, , 26, 18, 29, 
2018/8/20, , 28, 28, 20, 
2018/8/21, , 19, 37, 35, 
2018/8/22, , 35, 50, 48, 
2018/8/23, , 51, 24, 26, 
2018/8/24, , 37, 26, 20, 
2018/8/25, , 36, 25, 16, 
2018/8/26, , 13, 26, 27, 
2018/8/27, , 28, 24, 24, 
2018/8/28, , 24, 41, 36, 
2018/8/29, , 31, 31, 31, 
2018/8/30, , 30, 23, 24, 
2018/8/31, , 19, 33, 24, 
2018/9/1, , 22, 30, 16, 
2018/9/2, , 19, 43, 22, 
2018/9/3, , 26, 39, 21, 
2018/9/4, , 26, 36, 21, 
2018/9/5, , 27, 38, 24, 
2018/9/6, , 31, 31, 32, 
2018/9/7, , 31, 31, 24, 
2018/9/8, , 19, 42, 30, 
2018/9/9, , 27, 32, 44, 
2018/9/10, , 41, 32, 31, 
2018/9/11, , 36, 23, 24, 
2018/9/12, , 25, 20, 18, 
2018/9/13, , 14, 14, 28, 
2018/9/14, , 25, 21, 22, 
2018/9/15, , 22, 29, 24, 
2018/9/16, , 22, 33, 50, 
2018/9/17, , 44, 41, 55, 
2018/9/18, , 52, 13, 44, 
2018/9/19, , 52, , 44, 
2018/9/20, , 67, 25, 33, 
2018/9/21, , 53, 22, 17, 
2018/9/22, , 16, 18, 14, 
2018/9/23, , 12, 20, 22, 
2018/9/24, , 13, 22, 26, 
2018/9/25, , 16, 23, 28, 
2018/9/26, , 23, 17, 27, 
2018/9/27, , 26, 23, 23, 
2018/9/28, , 20, 20, 25, 
2018/9/29, , 18, 26, 29, 
2018/9/30, , 26, 13, 34, 
2018/4/1, , 13, 38, 20, 
2018/4/2, , 39, 22, 34, 
2018/4/3, , 33, 34, 35, 
2018/4/4, , 37, 27, 24, 
2018/4/5, , 19, 29, 29, 
2018/4/6, , 22, 35, 27, 
2018/4/7, , 28, 39, 22, 
2018/4/8, , 30, 40, 46, 
2018/4/9, , 48, 42, 32, 
2018/4/10, , 47, 28, 17, 
2018/4/11, , 48, 37, 22, 
2018/4/12, , 50, 27, 28, 
2018/4/13, , 47, 27, 23, 
2018/4/14, , 35, 42, 27, 
2018/4/15, , 38, 16, 31, 
2018/4/16, , 38, 35, 33, 
2018/4/17, , 37, 42, 46, 
2018/4/18, , 45, 39, 41, 
2018/4/19, , 45, 42, 42, 
2018/4/20, , 37, 38, 27, 
2018/4/21, , 35, 43, 26, 
2018/4/22, , 28, 33, 31, 
2018/4/23, , 36, 24, 27, 
2018/4/24, , 31, 28, 24, 
2018/4/25, , 29, 24, 31, 
2018/4/26, , 17, 32, 32, 
2018/4/27, , 24, 41, 29, 
2018/4/28, , 30, 45, 24, 
2018/4/29, , 29, 35, 26, 
2018/4/30, , 36, 34, 15, 
2018/5/1, , 19, 27, 33, 
2018/5/2, , 31, 37, 26, 
2018/5/3, , 31, 40, 25, 
2018/5/4, , 20, 40, 17, 
2018/5/5, , 17, 37, 15, 
2018/5/6, , 18, 40, 36, 
2018/5/7, , 29, 43, 32, 
2018/5/8, , 39, 42, 33, 
2018/5/9, , 45, 46, 21, 
2018/5/10, , 36, 22, 22, 
2018/5/11, , 36, 16, 22, 
2018/5/12, , 32, , 18, 
2018/5/13, , 32, 45, 24, 
2018/5/14, , 42, 39, 26, 
2018/5/15, , 38, 40, 20, 
2018/5/16, , 32, 32, 25, 
2018/5/17, , 38, 19, 25, 
2018/5/18, , 31, 35, 18, 
2018/5/19, , 31, 40, 15, 
2018/5/20, , 19, 44, 18, 
2018/5/21, , 23, 46, 30, 
2018/5/22, , 30, 44, 20, 
2018/5/23, , 29, 43, 22, 
2018/5/24, , 32, 43, 25, 
2018/5/25, , 31, 47, 22, 
2018/5/26, , 28, 51, 18, 
2018/5/27, , 29, 56, 35, 
2018/5/28, , 37, 63, 33, 
2018/5/29, , 38, 48, 39, 
2018/5/30, , 41, 53, 38, 
2018/5/31, , 41, 58, 39, 
2018/6/1, , 44, 37, 23, 
2018/6/2, , 40, 37, 17, 
2018/6/3, , 33, 43, 31, 
2018/6/4, , 29, 35, 26, 
2018/6/5, , 34, 38, 23, 
2018/6/6, , 25, 45, 31, 
2018/6/7, , 25, 52, 34, 
2018/6/8, , 28, 69, 27, 
2018/6/9, , 29, 47, 24, 
2018/6/10, , 32, 36, 29, 
2018/6/11, , 31, 30, 21, 
2018/6/12, , 24, 18, 23, 
2018/6/13, , 20, 37, 30, 
2018/6/14, , 23, 31, 35, 
2018/6/15, , 30, 44, 31, 
2018/6/16, , 30, 38, 20, 
2018/6/17, , 28, 32, 29, 
2018/6/18, , 27, 32, 26, 
2018/6/19, , 25, 35, 31, 
2018/6/20, , 30, 25, 28, 
2018/6/21, , 27, 23, 20, 
2018/6/22, , 16, 21, 14, 
2018/6/23, , 15, 15, 12, 
2018/6/24, , 13, 23, 22, 
2018/6/25, , 26, 26, 19, 
2018/6/26, , 27, 34, 16, 
2018/6/27, , 16, 39, 20, 
2018/6/28, , 23, 43, 24, 
2018/6/29, , 21, 28, 11, 
2018/6/30, , 13, 30, 11, 
2018/1/1, , 35, 12, 28, 
2018/1/2, , 17, 26, 20, 
2018/1/3, , 12, 24, 23, 
2018/1/4, , 15, 20, 28, 
2018/1/5, , 18, 10, 33, 
2018/1/6, , 25, 18, 13, 
2018/1/7, , 12, 15, 29, 
2018/1/8, , 27, 14, 29, 
2018/1/9, , 35, 2, 29, 
2018/1/10, , 51, , 25, 
2018/1/11, , 51, 2, 19, 
2018/1/12, , 48, 18, 17, 
2018/1/13, , 36, 14, 17, 
2018/1/14, , 29, 12, 23, 
2018/1/15, , 35, 18, 27, 
2018/1/16, , 19, 16, 31, 
2018/1/17, , 27, 20, 23, 
2018/1/18, , 13, 13, 32, 
2018/1/19, , 22, 11, 29, 
2018/1/20, , 26, 11, 21, 
2018/1/21, , 32, 13, 28, 
2018/1/22, , 37, 10, 28, 
2018/1/23, , 41, 11, 22, 
2018/1/24, , 18, 13, 34, 
2018/1/25, , 17, 7, 35, 
2018/1/26, , 33, 14, 25, 
2018/1/27, , 37, 17, 11, 
2018/1/28, , 17, 22, 17, 
2018/1/29, , 23, 18, 25, 
2018/1/30, , 21, 17, 25, 
2018/1/31, , 18, 20, 31, 
2018/2/1, , 26, 12, 27, 
2018/2/2, , 22, 12, 20, 
2018/2/3, , 20, 15, 16, 
2018/2/4, , 20, 24, 25, 
2018/2/5, , 28, 20, 43, 
2018/2/6, , 42, 13, 27, 
2018/2/7, , 57, 13, 42, 
2018/2/8, , 63, 12, 40, 
2018/2/9, , 63, 7, 28, 
2018/2/10, , 61, 17, 20, 
2018/2/11, , 32, 17, 26, 
2018/2/12, , 27, 14, 39, 
2018/2/13, , 48, 16, 41, 
2018/2/14, , 49, 16, 27, 
2018/2/15, , 46, 13, 32, 
2018/2/16, , 46, 16, 33, 
2018/2/17, , 39, 22, 27, 
2018/2/18, , 28, 14, 37, 
2018/2/19, , 43, 20, 28, 
2018/2/20, , 49, 22, 30, 
2018/2/21, , 39, 23, 29, 
2018/2/22, , 32, 23, 22, 
2018/2/23, , 36, 28, 18, 
2018/2/24, , 22, 28, 18, 
2018/2/25, , 19, 27, 21, 
2018/2/26, , 27, 26, 32, 
2018/2/27, , 36, 26, 23, 
2018/2/28, , 44, 24, 23, 
2018/3/1, , 39, 24, 25, 
2018/3/2, , 54, 26, 26, 
2018/3/3, , 54, 30, 27, 
2018/3/4, , 58, 17, 42, 
2018/3/5, , 64, 22, 38, 
2018/3/6, , 62, 19, 39, 
2018/3/7, , 53, 17, 36, 
2018/3/8, , 77, 21, 33, 
2018/3/9, , 43, 6, 35, 
2018/3/10, , 38, 23, 31, 
2018/3/11, , 31, 21, 36, 
2018/3/12, , 42, 17, 24, 
2018/3/13, , 34, 18, 23, 
2018/3/14, , 26, 21, 22, 
2018/3/15, , 32, 27, 15, 
2018/3/16, , 28, 28, 10, 
2018/3/17, , 25, 33, 12, 
2018/3/18, , 23, 31, 26, 
2018/3/19, , 29, 23, 36, 
2018/3/20, , 31, 24, 35, 
2018/3/21, , 27, 16, 29, 
2018/3/22, , 33, 17, 32, 
2018/3/23, , 27, 27, 30, 
2018/3/24, , 35, 34, 33, 
2018/3/25, , 49, 22, 38, 
2018/3/26, , 44, 24, 31, 
2018/3/27, , 28, 18, 27, 
2018/3/28, , 38, 24, 28, 
2018/3/29, , 27, 31, 24, 
2018/3/30, , 28, 24, 22, 
2018/3/31, , 33, 24, 14, 
2017/10/1, , 30, 11, 23, 
2017/10/2, , 20, 16, 15, 
2017/10/3, , 18, 18, 22, 
2017/10/4, , 24, 19, 20, 
2017/10/5, , 15, 19, 26, 
2017/10/6, , 13, 19, 18, 
2017/10/7, , 15, 24, 17, 
2017/10/8, , 11, 14, 31, 
2017/10/9, , 15, 10, 27, 
2017/10/10, , 23, 11, 21, 
2017/10/11, , 23, 18, 21, 
2017/10/12, , 17, 12, 29, 
2017/10/13, , 26, 9, 23, 
2017/10/14, , 32, 18, 28, 
2017/10/15, , 34, 18, 37, 
2017/10/16, , 65, 16, 39, 
2017/10/17, , 56, 6, 36, 
2017/10/18, , 56, 2, 29, 
2017/10/19, , 52, 3, 32, 
2017/10/20, , 47, 5, 26, 
2017/10/21, , 25, 19, 18, 
2017/10/22, , 17, 8, 31, 
2017/10/23, , 25, 7, 31, 
2017/10/24, , 30, 11, 23, 
2017/10/25, , 19, 12, 29, 
2017/10/26, , 23, 14, 23, 
2017/10/27, , 15, 18, 16, 
2017/10/28, , 14, 25, 13, 
2017/10/29, , 10, 21, 26, 
2017/10/30, , 15, 15, 18, 
2017/10/31, , 16, 9, 23, 
2017/11/1, , 25, 8, 27, 
2017/11/2, , 29, 12, 33, 
2017/11/3, , 32, 7, 26, 
2017/11/4, , 36, 16, 22, 
2017/11/5, , 31, 9, 28, 
2017/11/6, , 25, 15, 25, 
2017/11/7, , 26, 11, 21, 
2017/11/8, , 46, 10, 26, 
2017/11/9, , 48, 20, 21, 
2017/11/10, , 25, 20, 22, 
2017/11/11, , 13, 17, 22, 
2017/11/12, , 21, 7, 27, 
2017/11/13, , 21, 11, 29, 
2017/11/14, , 28, 4, 32, 
2017/11/15, , 31, 2, 27, 
2017/11/16, , 38, 14, 34, 
2017/11/17, , 34, 16, 25, 
2017/11/18, , 22, 21, 14, 
2017/11/19, , 12, 12, 28, 
2017/11/20, , 16, 7, 27, 
2017/11/21, , 20, 6, 29, 
2017/11/22, , 24, 9, 41, 
2017/11/23, , 28, 10, 33, 
2017/11/24, , 25, 11, 24, 
2017/11/25, , 17, 6, 17, 
2017/11/26, , 24, 9, 21, 
2017/11/27, , 20, 14, 23, 
2017/11/28, , 14, 8, 32, 
2017/11/29, , 31, 1, 31, 
2017/11/30, , 38, 2, 27, 
2017/12/1, , 35, 3, 24, 
2017/12/2, , 30, , , 
2017/12/4, , 16, 11, 26, 
2017/12/5, , 16, 19, 21, 
2017/12/6, , 30, 20, 24, 
2017/12/7, , 23, 16, 24, 
2017/12/8, , 18, 15, 21, 
2017/12/9, , 17, 18, 18, 
2017/12/10, , 16, 13, 32, 
2017/12/11, , 22, 13, 22, 
2017/12/12, , 16, 15, 25, 
2017/12/13, , 22, 15, 28, 
2017/12/14, , 13, 10, 37, 
2017/12/15, , 23, 9, 27, 
2017/12/16, , 31, 12, 19, 
2017/12/17, , 16, 5, 34, 
2017/12/18, , 28, , 30, 
2017/12/19, , 30, 1, 33, 
2017/12/20, , 30, 11, 25, 
2017/12/21, , 19, 10, 27, 
2017/12/22, , 22, 14, 15, 
2017/12/23, , 20, 19, 10, 
2017/12/24, , 18, 20, 12, 
2017/12/25, , 11, 18, 16, 
2017/12/26, , 15, 10, 28, 
2017/12/27, , 21, 12, 29, 
2017/12/28, , 23, 12, 28, 
2017/12/29, , 25, 18, 24, 
2017/12/30, , 18, , , 
2017/7/1, , 18, 21, 14, 
2017/7/2, , 20, 26, 26, 
2017/7/3, , 16, 22, 23, 
2017/7/4, , 18, 25, 30, 
2017/7/5, , 16, 31, 36, 
2017/7/6, , 21, 34, 38, 
2017/7/7, , 27, 28, 27, 
2017/7/8, , 30, 30, 19, 
2017/7/9, , 17, 19, 32, 
2017/7/10, , 27, 29, 29, 
2017/7/11, , 25, 21, 31, 
2017/7/12, , 25, 23, 23, 
2017/7/13, , 19, 28, 35, 
2017/7/14, , 24, 30, 26, 
2017/7/15, , 25, 28, 19, 
2017/7/16, , 19, 25, 26, 
2017/7/17, , 19, 29, 31, 
2017/7/18, , 26, 41, 28, 
2017/7/19, , 29, 39, 39, 
2017/7/20, , 36, 27, 25, 
2017/7/21, , 26, 32, 20, 
2017/7/22, , 21, 27, 20, 
2017/7/23, , 31, 28, 37, 
2017/7/24, , 23, 20, 24, 
2017/7/25, , 17, 14, 20, 
2017/7/26, , 18, 27, 31, 
2017/7/27, , 24, 27, 25, 
2017/7/28, , 23, 28, 23, 
2017/7/29, , 23, 37, 24, 
2017/7/30, , 23, 31, 34, 
2017/7/31, , 26, 35, 33, 
2017/8/1, , 26, 35, 31, 
2017/8/2, , 25, 27, 35, 
2017/8/3, , 34, 29, 27, 
2017/8/4, , 24, 26, 20, 
2017/8/5, , 18, 24, 16, 
2017/8/6, , 15, 35, 35, 
2017/8/7, , 22, 41, 31, 
2017/8/8, , 28, 36, 28, 
2017/8/9, , 25, 39, 21, 
2017/8/10, , 23, 28, 25, 
2017/8/11, , 28, 25, 14, 
2017/8/12, , 15, 20, 14, 
2017/8/13, , 14, 28, 33, 
2017/8/14, , 22, 37, 29, 
2017/8/15, , 27, 23, 32, 
2017/8/16, , 26, 35, 32, 
2017/8/17, , 30, 21, 28, 
2017/8/18, , 23, 25, 17, 
2017/8/19, , 16, 25, 14, 
2017/8/20, , 15, 17, 22, 
2017/8/21, , 16, 20, 23, 
2017/8/22, , 16, 27, 33, 
2017/8/23, , 24, 22, 38, 
2017/8/24, , 36, 27, 24, 
2017/8/25, , 34, 31, 29, 
2017/8/26, , 34, 29, 17, 
2017/8/27, , 29, 29, 35, 
2017/8/28, , 21, 36, 40, 
2017/8/29, , 37, 41, 38, 
2017/8/30, , 40, 27, 28, 
2017/8/31, , 28, 20, 24, 
2017/9/1, , 17, 26, 22, 
2017/9/2, , 16, 23, 22, 
2017/9/3, , 15, 28, 31, 
2017/9/4, , 17, 35, 38, 
2017/9/5, , 26, , 52, 
2017/9/6, , 46, , , 
2017/9/11, , 19, 17, 23, 
2017/9/12, , 17, 24, 21, 
2017/9/13, , 16, 17, 24, 
2017/9/14, , 12, 18, 26, 
2017/9/15, , 16, 20, 27, 
2017/9/16, , 18, 22, 28, 
2017/9/17, , 28, 22, 35, 
2017/9/18, , 21, 18, 36, 
2017/9/19, , 30, 16, 30, 
2017/9/20, , 26, 17, 32, 
2017/9/21, , 31, 22, 32, 
2017/9/22, , 28, 16, 26, 
2017/9/23, , 35, 9, 15, 
2017/9/24, , 31, 10, 22, 
2017/9/25, , 41, 12, 22, 
2017/9/26, , 41, 17, 22, 
2017/9/27, , 50, 14, 35, 
2017/9/28, , 49, 24, 30, 
2017/9/29, , 50, 29, 26, 
2017/9/30, , 42, 19, 22, 
2017/4/1, , 46, 36, 20, 
2017/4/2, , 29, 28, 31, 
2017/4/3, , 25, 24, 27, 
2017/4/4, , 32, 28, 30, 
2017/4/5, , 31, 30, 23, 
2017/4/6, , 19, 22, 24, 
2017/4/7, , 18, 24, 22, 
2017/4/8, , 16, 33, 27, 
2017/4/9, , 28, 33, 32, 
2017/4/10, , 38, 21, 23, 
2017/4/11, , 15, 16, 25, 
2017/4/12, , 34, 27, 26, 
2017/4/13, , 16, 29, 15, 
2017/4/14, , 13, 25, 21, 
2017/4/15, , 28, 25, 18, 
2017/4/16, , 16, 31, 24, 
2017/4/17, , 14, 31, 20, 
2017/4/18, , 17, 34, 17, 
2017/4/19, , 12, 32, 33, 
2017/4/20, , 18, 21, 31, 
2017/4/21, , 32, 28, 18, 
2017/4/22, , 15, 26, 16, 
2017/4/23, , 12, 32, 28, 
2017/4/24, , 17, 26, 30, 
2017/4/25, , 24, 30, 39, 
2017/4/26, , 17, 26, 39, 
2017/4/27, , 22, 29, 43, 
2017/4/28, , 32, 31, 27, 
2017/4/29, , 24, 37, 25, 
2017/4/30, , 20, 38, 13, 
2017/5/1, , 26, 33, 21, 
2017/5/2, , 26, 28, 20, 
2017/5/3, , 34, 26, 20, 
2017/5/4, , 17, 19, 28, 
2017/5/5, , 27, 33, 23, 
2017/5/6, , 27, 35, 18, 
2017/5/7, , 19, 24, 26, 
2017/5/8, , 15, 22, 32, 
2017/5/9, , 14, 25, 30, 
2017/5/10, , 20, 41, 37, 
2017/5/11, , 25, 45, 29, 
2017/5/12, , 34, 27, 32, 
2017/5/13, , 33, 31, 26, 
2017/5/14, , 33, 33, 33, 
2017/5/15, , 25, 29, 40, 
2017/5/16, , 27, 41, 39, 
2017/5/17, , 23, 44, 41, 
2017/5/18, , 34, 47, 46, 
2017/5/19, , 42, 34, 18, 
2017/5/20, , 25, 40, 22, 
2017/5/21, , 20, 45, 34, 
2017/5/22, , 24, 48, 39, 
2017/5/23, , 33, 25, 25, 
2017/5/24, , 19, 30, 17, 
2017/5/25, , 18, 27, 25, 
2017/5/26, , 20, 35, 30, 
2017/5/27, , 17, 47, 26, 
2017/5/28, , 18, 44, 40, 
2017/5/29, , 25, 36, 38, 
2017/5/30, , 30, 34, 25, 
2017/5/31, , 25, 31, 25, 
2017/6/1, , 22, 37, 34, 
2017/6/2, , 23, 30, 29, 
2017/6/3, , 19, 29, 23, 
2017/6/4, , 24, 35, 24, 
2017/6/5, , 19, 34, 33, 
2017/6/6, , 26, 24, 18, 
2017/6/7, , 16, 24, 25, 
2017/6/8, , 18, 37, 36, 
2017/6/9, , 23, 32, 22, 
2017/6/10, , 15, 40, 30, 
2017/6/11, , 19, 31, 28, 
2017/6/12, , 23, 24, 26, 
2017/6/13, , 19, 27, 25, 
2017/6/14, , 18, 39, 40, 
2017/6/15, , 20, 25, 23, 
2017/6/16, , 21, 28, 14, 
2017/6/17, , 15, 28, 19, 
2017/6/18, , 15, 37, 35, 
2017/6/19, , 19, 40, 36, 
2017/6/20, , 26, 29, 32, 
2017/6/21, , 19, 33, 41, 
2017/6/22, , 25, 29, 32, 
2017/6/23, , 22, 26, 23, 
2017/6/24, , 23, 21, 16, 
2017/6/25, , 15, 24, 25, 
2017/6/26, , 16, 36, 27, 
2017/6/27, , 21, 35, 32, 
2017/6/28, , 24, 30, 33, 
2017/6/29, , 33, 19, 25, 
2017/6/30, , 16, 21, 24, 
2017/1/2, , 24, 15, 21, 
2017/1/3, , 17, 26, 22, 
2017/1/4, , 13, 23, 19, 
2017/1/5, , 12, 16, 35, 
2017/1/6, , 16, 12, 27, 
2017/1/7, , 25, 5, 27, 
2017/1/8, , 41, 4, 30, 
2017/1/9, , 34, 13, 31, 
2017/1/10, , 29, 20, 26, 
2017/1/11, , 36, 21, 27, 
2017/1/12, , 20, 17, 30, 
2017/1/13, , 17, 20, 29, 
2017/1/14, , 20, 19, 17, 
2017/1/15, , 14, 12, 31, 
2017/1/16, , 16, 4, 43, 
2017/1/17, , 29, 9, 35, 
2017/1/18, , 37, 10, 31, 
2017/1/19, , 39, 1, 34, 
2017/1/20, , 44, 4, 32, 
2017/1/21, , 32, 10, 25, 
2017/1/22, , 36, 4, 28, 
2017/1/23, , 44, 3, 25, 
2017/1/24, , 41, 1, 29, 
2017/1/25, , 39, 7, 30, 
2017/1/26, , 43, 11, 43, 
2017/1/27, , 57, 15, 38, 
2017/1/28, , 55, 11, 33, 
2017/1/29, , 53, 12, 37, 
2017/1/30, , 50, 8, 33, 
2017/1/31, , 46, 7, 34, 
2017/2/1, , 60, 6, 36, 
2017/2/2, , 53, 2, 32, 
2017/2/3, , 55, 3, 29, 
2017/2/4, , 51, 4, 21, 
2017/2/5, , 48, 19, 21, 
2017/2/6, , 38, 19, 22, 
2017/2/7, , 38, 17, 24, 
2017/2/8, , 50, 15, 28, 
2017/2/9, , 57, 18, 27, 
2017/2/10, , 63, 20, 25, 
2017/2/11, , 57, , , 
2017/2/13, , 62, 5, 39, 
2017/2/14, , 70, 10, 61, 
2017/2/15, , 95, 15, 48, 
2017/2/16, , 84, 6, 33, 
2017/2/17, , 37, 14, 29, 
2017/2/18, , 23, 17, 21, 
2017/2/19, , 29, 13, 23, 
2017/2/20, , 28, 21, 28, 
2017/2/21, , 18, 32, 25, 
2017/2/22, , 14, 27, 29, 
2017/2/23, , 16, 25, 26, 
2017/2/24, , 14, 24, 26, 
2017/2/25, , 25, 23, 19, 
2017/2/26, , 19, 21, 40, 
2017/2/27, , 35, 29, 27, 
2017/2/28, , 20, 21, 31, 
2017/3/1, , 17, 20, 29, 
2017/3/2, , 15, 22, 36, 
2017/3/3, , 27, 23, 38, 
2017/3/4, , 30, 27, 22, 
2017/3/5, , 20, 19, 41, 
2017/3/6, , 29, 19, 24, 
2017/3/7, , 20, 22, 29, 
2017/3/8, , 29, 17, 35, 
2017/3/9, , 28, 26, 29, 
2017/3/10, , 20, 23, 28, 
2017/3/11, , 25, 16, 22, 
2017/3/12, , 32, 19, 39, 
2017/3/13, , 44, 15, 39, 
2017/3/14, , 43, 24, 26, 
2017/3/15, , 31, 23, 35, 
2017/3/16, , 32, 24, 34, 
2017/3/17, , 35, 33, 17, 
2017/3/18, , 17, 25, 22, 
2017/3/19, , 14, 18, 27, 
2017/3/20, , 20, 28, 27, 
2017/3/21, , 19, 26, 37, 
2017/3/22, , 25, 22, 27, 
2017/3/23, , 29, 36, 31, 
2017/3/24, , 24, 31, 34, 
2017/3/25, , 22, 11, 28, 
2017/3/26, , 22, 28, 49, 
2017/3/27, , 62, 28, 51, 
2017/3/28, , 52, 23, 37, 
2017/3/29, , 38, 21, 34, 
2017/3/30, , 35, 34, 41, 
2017/3/31, , 34, 37, 39, 
2016/10/1, , 26, 18, 21, 
2016/10/2, , 21, 24, 19, 
2016/10/3, , 17, 23, 12, 
2016/10/4, , 12, 20, 17, 
2016/10/5, , 9, 17, 15, 
2016/10/6, , 12, 12, 20, 
2016/10/7, , 17, 15, 15, 
2016/10/8, , 11, 11, 19, 
2016/10/9, , 11, 9, 26, 
2016/10/10, , 19, 4, 22, 
2016/10/11, , 17, 4, 15, 
2016/10/12, , 19, 11, 20, 
2016/10/13, , 26, 15, 24, 
2016/10/14, , 39, 10, 24, 
2016/10/15, , 36, 1, 16, 
2016/10/16, , 50, 4, 21, 
2016/10/17, , 38, 2, 22, 
2016/10/18, , 42, 9, 33, 
2016/10/19, , 28, 5, 31, 
2016/10/20, , 24, 5, 31, 
2016/10/21, , 29, 8, 24, 
2016/10/22, , 29, 5, 20, 
2016/10/23, , 28, 3, 24, 
2016/10/24, , 50, 2, 24, 
2016/10/25, , 44, 4, 30, 
2016/10/26, , 29, 2, 27, 
2016/10/27, , 43, 14, 24, 
2016/10/28, , 29, 21, 25, 
2016/10/29, , 18, 22, 23, 
2016/10/30, , 17, 3, 36, 
2016/10/31, , 30, 19, 27, 
2016/11/1, , 25, 15, 23, 
2016/11/2, , 13, 9, 33, 
2016/11/3, , 22, 3, 30, 
2016/11/4, , 28, 3, 26, 
2016/11/5, , 30, 7, 23, 
2016/11/6, , 28, 11, 22, 
2016/11/7, , 15, 10, 26, 
2016/11/8, , 23, 14, 27, 
2016/11/9, , 23, 3, 28, 
2016/11/10, , 48, 8, 26, 
2016/11/11, , 51, 8, 32, 
2016/11/12, , 42, 10, 34, 
2016/11/13, , 43, 8, 43, 
2016/11/14, , 45, 5, 29, 
2016/11/15, , 26, 6, 25, 
2016/11/16, , 18, , 29, 
2016/11/17, , 16, 16, 31, 
2016/11/18, , 10, 12, 32, 
2016/11/19, , 14, 15, 20, 
2016/11/20, , 14, 10, 34, 
2016/11/21, , 29, 2, 35, 
2016/11/22, , 42, 1, 33, 
2016/11/23, , 47, 8, 26, 
2016/11/24, , 27, 7, 36, 
2016/11/25, , 25, 4, 26, 
2016/11/26, , 28, 18, 20, 
2016/11/27, , 15, 18, 29, 
2016/11/28, , 13, 9, 41, 
2016/11/29, , 23, 3, 33, 
2016/11/30, , 26, 24, 27, 
2016/12/1, , 18, 24, 27, 
2016/12/2, , 15, 8, 37, 
2016/12/3, , 25, 2, 29, 
2016/12/4, , 37, , 34, 
2016/12/5, , 38, , 37, 
2016/12/6, , 32, 4, 30, 
2016/12/7, , 36, 8, 35, 
2016/12/8, , 39, 6, 29, 
2016/12/9, , 29, 7, 24, 
2016/12/10, , 32, 17, 17, 
2016/12/11, , 17, 18, 31, 
2016/12/12, , 17, 3, 35, 
2016/12/13, , 31, 8, 29, 
2016/12/14, , 27, 17, 35, 
2016/12/15, , 24, 6, 35, 
2016/12/16, , 32, 2, 25, 
2016/12/17, , 32, 8, 24, 
2016/12/18, , 28, 8, 32, 
2016/12/19, , 25, 6, 28, 
2016/12/20, , 32, 5, 28, 
2016/12/21, , 38, , 32, 
2016/12/22, , 31, 7, 29, 
2016/12/23, , 27, 19, 19, 
2016/12/24, , 19, 21, 13, 
2016/12/25, , 11, 28, 11, 
2016/12/26, , 9, 26, 19, 
2016/12/27, , 20, 22, 20, 
2016/12/28, , 12, 11, 34, 
2016/12/29, , 24, 2, 31, 
2016/12/30, , 30, 7, 27, 
2016/12/31, , 33, 9, 22, 
2017/1/1, , 59, 8, 27, 
2016/7/1, , 23, 23, 26, 
2016/7/2, , 20, 29, 16, 
2016/7/3, , 14, 31, 32, 
2016/7/4, , 18, 31, 36, 
2016/7/5, , 28, 24, 18, 
2016/7/6, , 18, 27, 26, 
2016/7/7, , 19, 42, 39, 
2016/7/8, , 28, 27, 20, 
2016/7/9, , 18, 34, 24, 
2016/7/10, , 19, 34, 35, 
2016/7/11, , 25, 33, 36, 
2016/7/12, , 25, 26, 30, 
2016/7/13, , 23, 22, 23, 
2016/7/14, , 17, 19, 21, 
2016/7/15, , 15, 36, 25, 
2016/7/16, , 18, 24, 20, 
2016/7/17, , 19, 21, 26, 
2016/7/18, , 20, 20, 26, 
2016/7/19, , 22, 30, 40, 
2016/7/20, , 24, 41, 43, 
2016/7/21, , 29, 41, 32, 
2016/7/22, , 27, 40, 26, 
2016/7/23, , 23, 43, 21, 
2016/7/24, , 35, 51, 39, 
2016/7/25, , 39, 33, 34, 
2016/7/26, , 34, 24, 32, 
2016/7/27, , 26, 27, 30, 
2016/7/28, , 37, 31, 32, 
2016/7/29, , 26, 28, 22, 
2016/7/30, , 19, 33, 22, 
2016/7/31, , 20, 23, 24, 
2016/8/1, , 19, 18, 34, 
2016/8/2, , 23, 10, 25, 
2016/8/3, , 20, 10, 23, 
2016/8/4, , 20, 17, 31, 
2016/8/5, , 25, 24, 21, 
2016/8/6, , 17, 27, 18, 
2016/8/7, , 15, 31, 29, 
2016/8/8, , 26, 25, 23, 
2016/8/9, , 19, 19, 23, 
2016/8/10, , 14, 20, 23, 
2016/8/11, , 16, 17, 23, 
2016/8/12, , 18, 32, 18, 
2016/8/13, , 23, 24, 15, 
2016/8/14, , 16, 22, 21, 
2016/8/15, , 16, 26, 23, 
2016/8/16, , 18, 23, 27, 
2016/8/17, , 17, 23, 32, 
2016/8/18, , 26, 38, 39, 
2016/8/19, , 30, 34, 30, 
2016/8/20, , 28, 26, 19, 
2016/8/21, , 17, 26, 31, 
2016/8/22, , 20, 17, 25, 
2016/8/23, , 25, 33, 38, 
2016/8/24, , 22, 39, 36, 
2016/8/25, , 23, 43, 47, 
2016/8/26, , 31, 61, 32, 
2016/8/27, , 36, 54, 33, 
2016/8/28, , 29, 26, 26, 
2016/8/29, , 20, 27, 29, 
2016/8/30, , 16, 33, 52, 
2016/8/31, , 28, 44, 42, 
2016/9/1, , 34, 30, 37, 
2016/9/2, , 28, 33, 33, 
2016/9/3, , 30, 25, 23, 
2016/9/4, , 19, 21, 22, 
2016/9/5, , 15, 26, 35, 
2016/9/6, , 15, 31, 50, 
2016/9/7, , 25, 41, 48, 
2016/9/8, , 39, 46, 45, 
2016/9/9, , 42, 47, 37, 
2016/9/10, , 37, 50, 30, 
2016/9/11, , 32, 47, 45, 
2016/9/12, , 40, 50, 54, 
2016/9/13, , 48, 43, 39, 
2016/9/14, , 42, 39, 45, 
2016/9/15, , 27, 40, 47, 
2016/9/16, , 43, 29, 27, 
2016/9/17, , 35, 25, 21, 
2016/9/18, , 20, 26, 22, 
2016/9/19, , 23, 25, 31, 
2016/9/20, , 24, 25, 28, 
2016/9/21, , 24, 20, 39, 
2016/9/22, , 32, 29, 48, 
2016/9/23, , 43, 30, 35, 
2016/9/24, , 32, 35, 32, 
2016/9/25, , 32, 20, 40, 
2016/9/26, , 43, 24, 42, 
2016/9/27, , 41, 17, 28, 
2016/9/28, , 40, 28, 27, 
2016/9/29, , 30, 22, 29, 
2016/9/30, , 20, 7, 28, 
2016/4/1, , 19, 29, 31, 
2016/4/2, , 24, 29, 26, 
2016/4/3, , 31, 25, 51, 
2016/4/4, , 49, 31, 51, 
2016/4/5, , 58, 29, 28, 
2016/4/6, , 29, 27, 32, 
2016/4/7, , 22, 26, 35, 
2016/4/8, , 27, 34, 32, 
2016/4/9, , 36, 33, 20, 
2016/4/10, , 23, 21, 26, 
2016/4/11, , 27, 16, 35, 
2016/4/12, , 42, 30, 34, 
2016/4/13, , 49, 22, 30, 
2016/4/14, , 34, 14, 38, 
2016/4/15, , 34, 23, 27, 
2016/4/16, , 18, 30, 20, 
2016/4/17, , 14, 28, 32, 
2016/4/18, , 18, 29, 25, 
2016/4/19, , 24, 29, 25, 
2016/4/20, , 21, 30, 32, 
2016/4/21, , 27, 29, 31, 
2016/4/22, , 22, 30, 24, 
2016/4/23, , 20, 30, 17, 
2016/4/24, , 11, 27, 26, 
2016/4/25, , 17, 27, 29, 
2016/4/26, , 16, 23, 25, 
2016/4/27, , 15, 29, 29, 
2016/4/28, , 21, 34, 41, 
2016/4/29, , 23, 43, 37, 
2016/4/30, , 23, 48, 22, 
2016/5/1, , 28, 44, 28, 
2016/5/2, , 22, 33, 39, 
2016/5/3, , 34, 28, 26, 
2016/5/4, , 16, 42, 25, 
2016/5/5, , 16, 49, 37, 
2016/5/6, , 27, 47, 28, 
2016/5/7, , 27, 45, 24, 
2016/5/8, , 25, 45, 34, 
2016/5/9, , 32, 48, 34, 
2016/5/10, , 36, 55, 36, 
2016/5/11, , 29, 48, 27, 
2016/5/12, , 33, 44, 19, 
2016/5/13, , 25, 35, 22, 
2016/5/14, , 23, 29, 15, 
2016/5/15, , 13, 28, 13, 
2016/5/16, , 13, 26, 29, 
2016/5/17, , 16, 36, 39, 
2016/5/18, , 31, 47, 45, 
2016/5/19, , 37, 37, 35, 
2016/5/20, , 35, 35, 29, 
2016/5/21, , 28, 47, 32, 
2016/5/22, , 27, 41, 40, 
2016/5/23, , 40, 27, 24, 
2016/5/24, , 34, 17, 23, 
2016/5/25, , 31, 14, 27, 
2016/5/26, , 39, 35, 37, 
2016/5/27, , 36, 43, 38, 
2016/5/28, , 30, 47, 26, 
2016/5/29, , 27, 34, 32, 
2016/5/30, , 34, 34, 30, 
2016/5/31, , 41, 30, 31, 
2016/6/1, , 30, 40, 35, 
2016/6/2, , 30, 42, 32, 
2016/6/3, , 29, 53, 37, 
2016/6/4, , 34, 45, 31, 
2016/6/5, , 33, 36, 26, 
2016/6/6, , 21, 44, 32, 
2016/6/7, , 26, 39, 38, 
2016/6/8, , 31, 30, 27, 
2016/6/9, , 33, 35, 24, 
2016/6/10, , 27, 40, 22, 
2016/6/11, , 18, 39, 17, 
2016/6/12, , 17, 29, 25, 
2016/6/13, , 26, 29, 31, 
2016/6/14, , 31, 19, 34, 
2016/6/15, , 20, 25, 30, 
2016/6/16, , 20, 19, 31, 
2016/6/17, , 19, 30, 22, 
2016/6/18, , 21, 32, 19, 
2016/6/19, , 22, 33, 32, 
2016/6/20, , 22, 28, 28, 
2016/6/21, , 19, 32, 42, 
2016/6/22, , 28, 42, 43, 
2016/6/23, , 30, 58, 47, 
2016/6/24, , 35, 57, 28, 
2016/6/25, , 39, 33, 17, 
2016/6/26, , 17, 34, 37, 
2016/6/27, , 20, 28, 28, 
2016/6/28, , 21, 33, 34, 
2016/6/29, , 24, 29, 41, 
2016/6/30, , 26, 30, 33, 
2016/1/4, , 59, 2, 22, 
2016/1/5, , 71, 2, 21, 
2016/1/6, , 72, 2, 23, 
2016/1/7, , 75, 16, 28, 
2016/1/8, , 43, 5, 35, 
2016/1/9, , 28, 3, 26, 
2016/1/10, , 44, , 35, 
2016/1/11, , 31, 3, 34, 
2016/1/12, , 28, 9, 28, 
2016/1/13, , 20, 9, 32, 
2016/1/14, , 28, 9, 28, 
2016/1/15, , 40, 13, 25, 
2016/1/16, , 30, 11, 24, 
2016/1/17, , 33, 14, 33, 
2016/1/18, , 24, 4, 34, 
2016/1/19, , 40, 15, 33, 
2016/1/20, , 33, 20, 35, 
2016/1/21, , 27, 7, 41, 
2016/1/22, , 43, 8, 30, 
2016/1/23, , 46, 8, 26, 
2016/1/24, , 32, 4, 27, 
2016/1/25, , 30, 9, 27, 
2016/1/26, , 37, 16, 25, 
2016/1/27, , 31, 22, 28, 
2016/1/28, , 31, 19, 29, 
2016/1/29, , 34, 26, 16, 
2016/1/30, , 12, 23, 16, 
2016/1/31, , 19, 24, 27, 
2016/2/1, , 24, 26, 22, 
2016/2/2, , 21, 24, 22, 
2016/2/3, , 27, 19, 25, 
2016/2/4, , 21, 12, 27, 
2016/2/5, , 24, 11, 28, 
2016/2/6, , 26, 15, 24, 
2016/2/7, , 28, 23, 25, 
2016/2/8, , 16, 26, 22, 
2016/2/9, , 20, 12, 35, 
2016/2/10, , 27, 18, 28, 
2016/2/11, , 22, 13, 37, 
2016/2/12, , 45, 20, 30, 
2016/2/13, , 47, 18, 20, 
2016/2/14, , 49, 18, 23, 
2016/2/15, , 38, 20, 31, 
2016/2/16, , 32, 17, 29, 
2016/2/17, , 36, 6, 33, 
2016/2/18, , 46, 13, 33, 
2016/2/19, , 45, 16, 21, 
2016/2/20, , 29, 22, 15, 
2016/2/21, , 12, 22, 24, 
2016/2/22, , 14, 20, 29, 
2016/2/23, , 30, 22, 29, 
2016/2/24, , 27, 15, 37, 
2016/2/25, , 31, 17, 36, 
2016/2/26, , 39, 25, 32, 
2016/2/27, , 34, 23, 22, 
2016/2/28, , 46, 21, 22, 
2016/2/29, , 36, 18, 30, 
2016/3/1, , 40, 15, 28, 
2016/3/2, , 34, 13, 41, 
2016/3/3, , 39, 21, 35, 
2016/3/4, , 32, 15, 25, 
2016/3/5, , 46, 9, 21, 
2016/3/6, , 43, 19, 37, 
2016/3/7, , 44, 17, 47, 
2016/3/8, , 56, 26, 35, 
2016/3/9, , 51, 17, 23, 
2016/3/10, , 43, 19, 21, 
2016/3/11, , 34, 27, 18, 
2016/3/12, , 25, 27, 18, 
2016/3/13, , 25, 22, 33, 
2016/3/14, , 38, 21, 20, 
2016/3/15, , 25, 25, 26, 
2016/3/16, , 32, 27, 49, 
2016/3/17, , 51, 15, 31, 
2016/3/18, , 35, 22, 25, 
2016/3/19, , 29, 25, 18, 
2016/3/20, , 20, 29, 29, 
2016/3/21, , 23, 26, 32, 
2016/3/22, , 22, 21, 36, 
2016/3/23, , 27, 14, 34, 
2016/3/24, , 33, 14, 23, 
2016/3/25, , 33, 29, 27, 
2016/3/26, , 26, 28, 20, 
2016/3/27, , 35, 31, 25, 
2016/3/28, , 17, 22, 27, 
2016/3/29, , 12, 20, 31, 
2016/3/30, , 19, 24, 37, 
2016/3/31, , 27, 29, 29, 
2015/10/1, , 42, 15, 52, 
2015/10/2, , 57, 29, 42, 
2015/10/3, , 46, 21, 36, 
2015/10/4, , 52, 16, 43, 
2015/10/5, , 58, 27, 32, 
2015/10/6, , 55, 21, 26, 
2015/10/7, , 54, 8, 30, 
2015/10/8, , 28, 15, 29, 
2015/10/9, , 41, 23, 20, 
2015/10/10, , 34, 26, 17, 
2015/10/11, , 28, 21, 27, 
2015/10/12, , 33, 21, 26, 
2015/10/13, , 32, 10, 22, 
2015/10/14, , 35, 10, 25, 
2015/10/15, , 44, 8, 32, 
2015/10/16, , 37, 2, 23, 
2015/10/17, , 30, 7, 21, 
2015/10/18, , 25, , 28, 
2015/10/19, , 29, 10, 26, 
2015/10/20, , 26, 8, 27, 
2015/10/21, , 28, 2, 25, 
2015/10/22, , 34, 17, 31, 
2015/10/23, , 34, 14, 40, 
2015/10/24, , 41, 6, 25, 
2015/10/25, , 34, 13, 38, 
2015/10/26, , 34, 8, 33, 
2015/10/27, , 41, 7, 31, 
2015/10/28, , 53, 3, 32, 
2015/10/29, , 57, , 31, 
2015/10/30, , 55, 12, 29, 
2015/10/31, , 63, 15, 32, 
2015/11/1, , 50, 1, 44, 
2015/11/2, , 55, 4, 42, 
2015/11/3, , 55, , 43, 
2015/11/4, , 62, , 38, 
2015/11/5, , 59, 2, 32, 
2015/11/6, , 53, , , 
2015/11/9, , 26, 18, 21, 
2015/11/10, , 20, 17, 23, 
2015/11/11, , 23, 19, 30, 
2015/11/12, , 28, 17, 28, 
2015/11/13, , 29, 21, 18, 
2015/11/14, , 19, 18, 14, 
2015/11/15, , 8, 9, 27, 
2015/11/16, , 19, 14, 20, 
2015/11/17, , 16, 21, 20, 
2015/11/18, , 15, 20, 19, 
2015/11/19, , 19, 12, 35, 
2015/11/20, , 26, 10, 26, 
2015/11/21, , 22, 16, 22, 
2015/11/22, , 14, 5, 33, 
2015/11/23, , 20, 7, 29, 
2015/11/24, , 31, 5, 28, 
2015/11/25, , 30, 4, 33, 
2015/11/26, , 30, 1, 38, 
2015/11/27, , 33, 10, 26, 
2015/11/28, , 20, 22, 13, 
2015/11/29, , 11, 26, 26, 
2015/11/30, , 21, 16, 32, 
2015/12/1, , 26, 13, 32, 
2015/12/2, , 32, 12, 38, 
2015/12/3, , 35, 6, 29, 
2015/12/4, , 30, 17, 21, 
2015/12/5, , 20, 18, 15, 
2015/12/6, , 15, 14, 30, 
2015/12/7, , 28, 2, 30, 
2015/12/8, , 40, 8, 30, 
2015/12/9, , 32, 7, 30, 
2015/12/10, , 30, 8, 27, 
2015/12/11, , 20, 18, 24, 
2015/12/12, , 21, 18, 18, 
2015/12/13, , 12, 3, 36, 
2015/12/14, , 23, 4, 27, 
2015/12/15, , 32, , 29, 
2015/12/16, , 50, 4, 33, 
2015/12/17, , 24, 5, 29, 
2015/12/18, , 31, 7, 26, 
2015/12/19, , 32, 7, 23, 
2015/12/20, , 29, 21, 30, 
2015/12/21, , 26, 21, 22, 
2015/12/22, , 16, 16, 23, 
2015/12/23, , 17, 12, 25, 
2015/12/24, , 22, 24, 17, 
2015/12/25, , 17, 20, 12, 
2015/12/26, , 11, 15, 15, 
2015/12/27, , 19, 20, 26, 
2015/12/28, , 32, 18, 24, 
2015/12/29, , 24, 9, 26, 
2015/12/30, , 32, , , 
2015/7/1, , 22, 43, 37, 
2015/7/2, , 28, 67, 49, 
2015/7/3, , 35, 70, 45, 
2015/7/4, , 38, 79, 29, 
2015/7/5, , 39, 35, 30, 
2015/7/6, , 33, 58, 53, 
2015/7/7, , 35, 30, 25, 
2015/7/8, , 33, 25, 20, 
2015/7/9, , 21, 30, 21, 
2015/7/10, , 25, 38, 27, 
2015/7/11, , 27, 36, 30, 
2015/7/12, , 33, 19, 25, 
2015/7/13, , 25, 14, 32, 
2015/7/14, , 25, 29, 28, 
2015/7/15, , 24, 29, 37, 
2015/7/16, , 29, 50, 46, 
2015/7/17, , 32, 33, 34, 
2015/7/18, , 35, 28, 20, 
2015/7/19, , 21, 35, 27, 
2015/7/20, , 21, 30, 29, 
2015/7/21, , 25, 33, 38, 
2015/7/22, , 29, 36, 26, 
2015/7/23, , 27, 42, 30, 
2015/7/24, , 24, 39, 19, 
2015/7/25, , 26, 29, 12, 
2015/7/26, , 15, 27, 31, 
2015/7/27, , 22, 24, 19, 
2015/7/28, , 18, 31, 21, 
2015/7/29, , 22, 24, 21, 
2015/7/30, , 20, 30, 26, 
2015/7/31, , 22, 44, 34, 
2015/8/1, , 29, 62, 31, 
2015/8/2, , 33, 69, 44, 
2015/8/3, , 41, 59, 53, 
2015/8/4, , 49, 38, 28, 
2015/8/5, , 30, 61, 44, 
2015/8/6, , 38, 66, 62, 
2015/8/7, , 48, 45, 18, 
2015/8/8, , 40, , , 
2015/8/11, , 41, 36, 20, 
2015/8/12, , 29, 38, 22, 
2015/8/13, , 23, 70, 30, 
2015/8/14, , 35, 55, 27, 
2015/8/15, , 39, 55, 21, 
2015/8/16, , 37, 39, 29, 
2015/8/17, , 34, 30, 26, 
2015/8/18, , 34, 16, 22, 
2015/8/19, , 33, 37, 36, 
2015/8/20, , 32, 43, 46, 
2015/8/21, , 41, 45, 35, 
2015/8/22, , 39, 41, 23, 
2015/8/23, , 32, 38, 32, 
2015/8/24, , 32, 28, 25, 
2015/8/25, , 22, 29, 36, 
2015/8/26, , 21, 28, 38, 
2015/8/27, , 28, 22, 29, 
2015/8/28, , 21, 38, 33, 
2015/8/29, , 27, 39, 29, 
2015/8/30, , 33, 51, 54, 
2015/8/31, , 39, 38, 42, 
2015/9/1, , 43, 27, 28, 
2015/9/2, , 22, 23, 41, 
2015/9/3, , 32, 28, 36, 
2015/9/4, , 29, 25, 18, 
2015/9/5, , 17, 23, 13, 
2015/9/6, , 15, 21, 24, 
2015/9/7, , 21, 23, 26, 
2015/9/8, , 21, 21, 25, 
2015/9/9, , 14, 25, 27, 
2015/9/10, , 22, 16, 28, 
2015/9/11, , 31, 33, 30, 
2015/9/12, , 35, 29, 27, 
2015/9/13, , 29, 26, 35, 
2015/9/14, , 34, 20, 31, 
2015/9/15, , 18, 24, 41, 
2015/9/16, , 26, 22, 33, 
2015/9/17, , 23, 25, 31, 
2015/9/18, , 20, 23, 30, 
2015/9/19, , 25, 27, 15, 
2015/9/20, , 18, 23, 40, 
2015/9/21, , 33, 21, 38, 
2015/9/22, , 44, 14, 35, 
2015/9/23, , 25, 17, 36, 
2015/9/24, , 26, 18, 37, 
2015/9/25, , 30, 23, 26, 
2015/9/26, , 28, 23, 24, 
2015/9/27, , 22, 21, 31, 
2015/9/28, , 32, 23, 28, 
2015/9/29, , 19, 26, 31, 
2015/9/30, , 25, 20, 46, 
2015/4/1, , 17, 26, 27, 
2015/4/2, , 14, 27, 18, 
2015/4/3, , 17, 28, 27, 
2015/4/4, , 19, 30, 27, 
2015/4/5, , 21, 29, 23, 
2015/4/6, , 14, 27, 32, 
2015/4/7, , 34, 21, 29, 
2015/4/8, , 24, 30, 42, 
2015/4/9, , 43, 33, 51, 
2015/4/10, , 52, 42, 34, 
2015/4/11, , 42, 33, 18, 
2015/4/12, , 16, 28, 23, 
2015/4/13, , 23, 25, 32, 
2015/4/14, , 33, 39, 32, 
2015/4/15, , 38, 33, 25, 
2015/4/16, , 25, 30, 31, 
2015/4/17, , 26, 29, 21, 
2015/4/18, , 14, 37, 29, 
2015/4/19, , 32, 33, 32, 
2015/4/20, , 25, 37, 32, 
2015/4/21, , 30, 30, 33, 
2015/4/22, , 32, 37, 40, 
2015/4/23, , 37, 40, 43, 
2015/4/24, , 48, 50, 38, 
2015/4/25, , 38, 30, 24, 
2015/4/26, , 21, 21, 29, 
2015/4/27, , 28, 22, 29, 
2015/4/28, , 26, 30, 32, 
2015/4/29, , 67, 24, 41, 
2015/4/30, , 36, 32, 19, 
2015/5/1, , 20, 33, 33, 
2015/5/2, , 23, 42, 32, 
2015/5/3, , 30, 31, 30, 
2015/5/4, , 25, 27, 34, 
2015/5/5, , 29, 37, 36, 
2015/5/6, , 26, 30, 29, 
2015/5/7, , 52, 36, 41, 
2015/5/8, , 27, 34, 30, 
2015/5/9, , 25, 32, 18, 
2015/5/10, , 21, 33, 42, 
2015/5/11, , 37, 41, 39, 
2015/5/12, , 35, 30, 30, 
2015/5/13, , 41, 27, 18, 
2015/5/14, , 19, 31, 31, 
2015/5/15, , 30, 31, 29, 
2015/5/16, , 33, 31, 17, 
2015/5/17, , 23, 16, 43, 
2015/5/18, , 34, , 36, 
2015/5/19, , 34, , 47, 
2015/5/20, , 38, 31, 37, 
2015/5/21, , 33, 37, 41, 
2015/5/22, , 36, 34, 30, 
2015/5/23, , 36, 39, 21, 
2015/5/24, , 22, 39, 25, 
2015/5/25, , 32, 24, 23, 
2015/5/26, , 21, 26, 28, 
2015/5/27, , 25, 32, 32, 
2015/5/28, , 33, 36, 40, 
2015/5/29, , 25, 31, 24, 
2015/5/30, , 19, 41, 20, 
2015/5/31, , 19, 29, 33, 
2015/6/1, , 27, 36, 24, 
2015/6/2, , 27, 31, 24, 
2015/6/3, , 27, 34, 31, 
2015/6/4, , 25, 62, 39, 
2015/6/5, , 26, 60, 33, 
2015/6/6, , 35, 43, 17, 
2015/6/7, , 19, 34, 19, 
2015/6/8, , 22, 37, 22, 
2015/6/9, , 18, 37, 26, 
2015/6/10, , 26, 50, 34, 
2015/6/11, , 22, 57, 39, 
2015/6/12, , 27, 54, 37, 
2015/6/13, , 40, 37, 18, 
2015/6/14, , 28, 32, 22, 
2015/6/15, , 19, 28, 33, 
2015/6/16, , 29, 36, 37, 
2015/6/17, , 30, 26, 30, 
2015/6/18, , 26, 22, 24, 
2015/6/19, , 23, 21, 19, 
2015/6/20, , 15, 28, 17, 
2015/6/21, , 15, 20, 30, 
2015/6/22, , 24, 12, 30, 
2015/6/23, , 20, 20, 28, 
2015/6/24, , 25, 32, 34, 
2015/6/25, , 27, 38, 47, 
2015/6/26, , 45, 32, 41, 
2015/6/27, , 42, 26, 17, 
2015/6/28, , 20, 38, 40, 
2015/6/29, , 30, 31, 25, 
2015/6/30, , 27, 36, 30, 
2015/1/1, , 60, 15, 11, 
2015/1/2, , 19, , , 
2015/1/5, , 28, 11, 33, 
2015/1/6, , 28, 7, 32, 
2015/1/7, , 29, 13, 26, 
2015/1/8, , 19, 24, 21, 
2015/1/9, , 17, 28, 15, 
2015/1/10, , 12, 26, 12, 
2015/1/11, , 17, 22, 23, 
2015/1/12, , 12, 21, 23, 
2015/1/13, , 14, 19, 28, 
2015/1/14, , 15, 15, 29, 
2015/1/15, , 13, 13, 36, 
2015/1/16, , 25, 9, 33, 
2015/1/17, , 32, 10, 30, 
2015/1/18, , 35, 3, 35, 
2015/1/19, , 40, 3, 33, 
2015/1/20, , 41, 3, 29, 
2015/1/21, , 41, 5, 23, 
2015/1/22, , 36, 10, 23, 
2015/1/23, , 29, 11, 26, 
2015/1/24, , 31, 15, 23, 
2015/1/25, , 24, 17, 29, 
2015/1/26, , 26, 19, 30, 
2015/1/27, , 20, 18, 30, 
2015/1/28, , 32, 21, 26, 
2015/1/29, , 18, 15, 36, 
2015/1/30, , 23, 11, 28, 
2015/1/31, , 27, 14, 22, 
2015/2/1, , 28, 12, 30, 
2015/2/2, , 30, 11, 33, 
2015/2/3, , 28, 8, 29, 
2015/2/4, , 21, 12, 27, 
2015/2/5, , 25, 14, 28, 
2015/2/6, , 43, 22, 25, 
2015/2/7, , 35, 28, 15, 
2015/2/8, , 22, 19, 30, 
2015/2/9, , 19, 20, 33, 
2015/2/10, , 30, 15, 36, 
2015/2/11, , 43, 15, 31, 
2015/2/12, , 50, 5, 35, 
2015/2/13, , 49, 15, 35, 
2015/2/14, , 52, 26, 26, 
2015/2/15, , 61, 18, 28, 
2015/2/16, , 61, 10, 33, 
2015/2/17, , 60, 13, 33, 
2015/2/18, , 57, 8, 31, 
2015/2/19, , 58, 15, 34, 
2015/2/20, , 67, 25, 26, 
2015/2/21, , 35, 21, 30, 
2015/2/22, , 29, 12, 33, 
2015/2/23, , 39, 15, 35, 
2015/2/24, , 49, 14, 43, 
2015/2/25, , 58, 18, 45, 
2015/2/26, , 57, 16, 41, 
2015/2/27, , 51, 25, 30, 
2015/2/28, , 33, 18, 22, 
2015/3/1, , 22, 23, 30, 
2015/3/2, , 24, 22, 26, 
2015/3/3, , 28, 17, 29, 
2015/3/4, , 24, 19, 32, 
2015/3/5, , 26, 11, 38, 
2015/3/6, , 42, 22, 30, 
2015/3/7, , 41, 21, 30, 
2015/3/8, , 30, 18, 35, 
2015/3/9, , 39, 13, 31, 
2015/3/10, , 44, 22, 31, 
2015/3/11, , 37, 20, 25, 
2015/3/12, , 22, 17, 28, 
2015/3/13, , 26, 15, 22, 
2015/3/14, , 34, 18, 16, 
2015/3/15, , 32, 22, 24, 
2015/3/16, , 48, 32, 35, 
2015/3/17, , 47, 33, 38, 
2015/3/18, , 43, 38, 48, 
2015/3/19, , 54, 30, 62, 
2015/3/20, , 64, 23, 25, 
2015/3/21, , 41, 32, 21, 
2015/3/22, , 13, 17, 37, 
2015/3/23, , 34, 21, 41, 
2015/3/24, , 57, 33, 37, 
2015/3/25, , 60, 20, 35, 
2015/3/26, , 53, 18, 30, 
2015/3/27, , 36, 25, 25, 
2015/3/28, , 27, 23, 17, 
2015/3/29, , 16, 30, 21, 
2015/3/30, , 11, 36, 22, 
2015/3/31, , 17, 34, 23, 
2014/10/1, , 46, 10, 53, 
2014/10/2, , 53, 27, 35, 
2014/10/3, , 35, 28, 35, 
2014/10/4, , 47, 24, 28, 
2014/10/5, , 46, 27, 32, 
2014/10/6, , 52, 16, 31, 
2014/10/7, , 52, 16, 35, 
2014/10/8, , 30, 5, 38, 
2014/10/9, , 37, 11, 37, 
2014/10/10, , 27, 6, 33, 
2014/10/11, , 38, 15, 24, 
2014/10/12, , 27, 7, 37, 
2014/10/13, , 37, 6, 36, 
2014/10/14, , 32, 11, 39, 
2014/10/15, , 31, 2, 42, 
2014/10/16, , 33, 11, 35, 
2014/10/17, , 35, 7, 31, 
2014/10/18, , 39, 17, 23, 
2014/10/19, , 23, 19, 23, 
2014/10/20, , 21, 11, 28, 
2014/10/21, , 23, 15, 27, 
2014/10/22, , 20, 10, 41, 
2014/10/23, , 34, 7, 27, 
2014/10/24, , 31, 6, 25, 
2014/10/25, , 36, 4, 26, 
2014/10/26, , 34, 6, 37, 
2014/10/27, , 33, 6, 35, 
2014/10/28, , 41, 6, 31, 
2014/10/29, , 46, , 37, 
2014/10/30, , 47, 2, 33, 
2014/10/31, , 46, 5, 39, 
2014/11/1, , 43, 9, 30, 
2014/11/2, , 32, 6, 29, 
2014/11/3, , 30, 7, 36, 
2014/11/4, , 45, 1, 33, 
2014/11/5, , 45, 9, 38, 
2014/11/6, , 27, 5, 38, 
2014/11/7, , 38, 13, 33, 
2014/11/8, , 38, 4, 27, 
2014/11/9, , 37, 4, 32, 
2014/11/10, , 39, 2, 34, 
2014/11/11, , 34, 2, 33, 
2014/11/12, , 54, , 30, 
2014/11/13, , 67, 9, 27, 
2014/11/14, , 54, 9, 24, 
2014/11/15, , 48, 6, 22, 
2014/11/16, , 46, 4, 32, 
2014/11/17, , 35, 3, 18, 
2014/11/18, , 46, , 21, 
2014/11/19, , 42, , 23, 
2014/11/20, , 50, , 32, 
2014/11/21, , 46, 9, 26, 
2014/11/22, , 30, 4, 16, 
2014/11/23, , 37, 6, 33, 
2014/11/24, , 33, 3, 37, 
2014/11/25, , 32, 8, 37, 
2014/11/26, , 30, 8, 32, 
2014/11/27, , 54, 11, 25, 
2014/11/28, , 48, 15, 29, 
2014/11/29, , 43, 14, 18, 
2014/11/30, , 45, 12, 25, 
2014/12/1, , 46, 11, 27, 
2014/12/2, , 49, 8, 25, 
2014/12/3, , 60, 2, 27, 
2014/12/4, , 67, , 33, 
2014/12/5, , 65, 2, 26, 
2014/12/6, , 42, 11, 28, 
2014/12/7, , 28, 9, 31, 
2014/12/8, , 27, 2, 35, 
2014/12/9, , 43, 4, 28, 
2014/12/10, , 29, 19, 32, 
2014/12/11, , 21, 20, 23, 
2014/12/12, , 14, 22, 27, 
2014/12/13, , 19, 6, 28, 
2014/12/14, , 32, 13, 34, 
2014/12/15, , 25, 11, 31, 
2014/12/16, , 29, 12, 32, 
2014/12/17, , 25, 8, 27, 
2014/12/18, , 19, 18, 26, 
2014/12/19, , 14, 25, 19, 
2014/12/20, , 16, 23, 15, 
2014/12/21, , 20, 20, 18, 
2014/12/22, , 10, 19, 17, 
2014/12/23, , 12, 20, 17, 
2014/12/24, , 12, 22, 14, 
2014/12/25, , 18, 16, 24, 
2014/12/26, , 15, 14, 25, 
2014/12/27, , 26, 16, 22, 
2014/12/28, , 35, , , 
2014/8/20, , 20, 28, 35, 
2014/8/21, , 23, 30, 44, 
2014/8/22, , 38, 31, 27, 
2014/8/23, , 21, 28, 19, 
2014/8/24, , 18, 30, 33, 
2014/8/25, , 23, 28, 36, 
2014/8/26, , 22, 27, 38, 
2014/8/27, , 25, 37, 52, 
2014/8/28, , 31, 15, 50, 
2014/8/29, , 34, 23, 30, 
2014/8/30, , 29, 16, 24, 
2014/8/31, , 19, 12, 32, 
2014/9/1, , 26, 23, 29, 
2014/9/2, , 20, 26, 29, 
2014/9/3, , 16, 32, 33, 
2014/9/4, , 25, 37, 40, 
2014/9/5, , 38, 43, 40, 
2014/9/6, , 42, 38, 34, 
2014/9/7, , 44, 28, 35, 
2014/9/8, , 36, 24, 30, 
2014/9/9, , 31, 20, 30, 
2014/9/10, , 24, 22, 34, 
2014/9/11, , 25, 23, 26, 
2014/9/12, , 30, 28, 24, 
2014/9/13, , 36, 22, 26, 
2014/9/14, , 41, 34, 42, 
2014/9/15, , 51, 35, 40, 
2014/9/16, , 50, 37, 39, 
2014/9/17, , 48, 34, 42, 
2014/9/18, , 42, 14, 46, 
2014/9/19, , 46, 7, 35, 
2014/9/20, , 51, 23, 22, 
2014/9/21, , 37, 20, 24, 
2014/9/22, , 28, 22, 30, 
2014/9/23, , 18, 19, 37, 
2014/9/24, , 30, 13, 35, 
2014/9/25, , 29, 10, 31, 
2014/9/26, , 30, 18, 28, 
2014/9/27, , 29, 24, 38, 
2014/9/28, , 37, 13, 46, 
2014/9/29, , 41, 12, 40, 
2014/9/30, , 39, 21, 42, 
2020/6/30, , , 24, 28, 
2020/3/31, , , 29, 22, 
2019/12/31, , , 16, 20, 
2018/12/31, , , 22, 9, 
2017/12/31, , , 29, 16, 
2017/12/3, , , 13, 33, 
2017/9/10, , , 16, 25, 
2017/2/12, , , 15, 39, 
2016/1/3, , , 6, 23, 
2015/11/8, , , 18, 29, 
2015/8/10, , , 56, 37, 
2014/12/31, , , 14, 17, 
2015/1/4, , , 19, 33, 
2014/8/19, , , 22, 23, 