sensor_id;sensor_type;location;lat;lon;timestamp;pressure;altitude;pressure_sealevel;temperature;humidity
113;BME280;45999;48.808;9.182;2022-01-01T00:00:41;99114.97;;;9.77;91.87
113;BME280;45999;48.808;9.182;2022-01-01T00:03:07;99116.69;;;9.85;91.02
113;BME280;45999;48.808;9.182;2022-01-01T00:05:34;99121.47;;;10.10;87.64
113;BME280;45999;48.808;9.182;2022-01-01T00:08:00;99127.63;;;10.11;87.64
113;BME280;45999;48.808;9.182;2022-01-01T00:10:28;99128.78;;;10.23;86.53
113;BME280;45999;48.808;9.182;2022-01-01T00:12:55;99123.75;;;10.34;85.49
113;BME280;45999;48.808;9.182;2022-01-01T00:15:22;99118.81;;;10.31;86.14
113;BME280;45999;48.808;9.182;2022-01-01T00:17:48;99128.13;;;10.21;87.48
113;BME280;45999;48.808;9.182;2022-01-01T00:20:15;99125.16;;;10.30;85.78
113;BME280;45999;48.808;9.182;2022-01-01T00:22:42;99126.59;;;10.33;85.55
113;BME280;45999;48.808;9.182;2022-01-01T00:25:09;99122.94;;;10.34;85.11
113;BME280;45999;48.808;9.182;2022-01-01T00:27:36;99127.81;;;10.30;85.67
113;BME280;45999;48.808;9.182;2022-01-01T00:30:04;99130.16;;;10.19;87.57
113;BME280;45999;48.808;9.182;2022-01-01T00:32:32;99132.81;;;10.19;87.58
113;BME280;45999;48.808;9.182;2022-01-01T00:35:01;99138.63;;;10.08;87.98
113;BME280;45999;48.808;9.182;2022-01-01T00:37:27;99139.00;;;10.05;88.59
113;BME280;45999;48.808;9.182;2022-01-01T00:39:53;99134.41;;;9.99;88.95
113;BME280;45999;48.808;9.182;2022-01-01T00:42:24;99128.03;;;9.93;89.48
113;BME280;45999;48.808;9.182;2022-01-01T00:44:51;99142.06;;;9.87;91.82
113;BME280;45999;48.808;9.182;2022-01-01T00:47:17;99137.69;;;9.80;93.25
113;BME280;45999;48.808;9.182;2022-01-01T00:49:44;99137.06;;;9.78;92.68
113;BME280;45999;48.808;9.182;2022-01-01T00:52:10;99133.94;;;9.74;92.48
113;BME280;45999;48.808;9.182;2022-01-01T00:54:36;99136.97;;;9.71;92.62
113;BME280;45999;48.808;9.182;2022-01-01T00:57:03;99138.63;;;9.72;92.46
113;BME280;45999;48.808;9.182;2022-01-01T00:59:29;99140.19;;;9.67;94.02
113;BME280;45999;48.808;9.182;2022-01-01T01:01:57;99138.81;;;9.71;91.54
113;BME280;45999;48.808;9.182;2022-01-01T01:04:25;99140.47;;;9.93;89.21
113;BME280;45999;48.808;9.182;2022-01-01T01:06:52;99144.53;;;9.89;88.67
113;BME280;45999;48.808;9.182;2022-01-01T01:09:19;99144.09;;;9.85;89.81
113;BME280;45999;48.808;9.182;2022-01-01T01:11:45;99148.44;;;9.93;88.66
113;BME280;45999;48.808;9.182;2022-01-01T01:14:16;99141.50;;;9.92;89.54
113;BME280;45999;48.808;9.182;2022-01-01T01:16:50;99147.19;;;9.89;89.58
113;BME280;45999;48.808;9.182;2022-01-01T01:19:19;99142.44;;;9.84;88.91
113;BME280;45999;48.808;9.182;2022-01-01T01:21:47;99147.38;;;9.87;89.20
113;BME280;45999;48.808;9.182;2022-01-01T01:24:14;99147.22;;;9.74;90.32
113;BME280;45999;48.808;9.182;2022-01-01T01:26:41;99152.81;;;9.79;89.65
113;BME280;45999;48.808;9.182;2022-01-01T01:29:14;99152.91;;;9.71;90.77
113;BME280;45999;48.808;9.182;2022-01-01T01:31:40;99152.75;;;9.73;90.31
113;BME280;45999;48.808;9.182;2022-01-01T01:34:06;99167.91;;;9.79;90.13
113;BME280;45999;48.808;9.182;2022-01-01T01:36:33;99162.59;;;9.79;90.34
113;BME280;45999;48.808;9.182;2022-01-01T01:39:00;99165.81;;;9.74;90.98
113;BME280;45999;48.808;9.182;2022-01-01T01:41:26;99172.69;;;9.69;91.04
113;BME280;45999;48.808;9.182;2022-01-01T01:43:55;99164.31;;;9.51;91.68
113;BME280;45999;48.808;9.182;2022-01-01T01:46:23;99157.28;;;9.43;92.44
113;BME280;45999;48.808;9.182;2022-01-01T01:48:52;99154.97;;;9.40;92.39
113;BME280;45999;48.808;9.182;2022-01-01T01:51:19;99156.19;;;9.38;92.95
113;BME280;45999;48.808;9.182;2022-01-01T01:53:45;99158.56;;;9.33;94.73
113;BME280;45999;48.808;9.182;2022-01-01T01:56:12;99159.84;;;9.37;93.71
113;BME280;45999;48.808;9.182;2022-01-01T01:58:38;99163.22;;;9.31;94.38
113;BME280;45999;48.808;9.182;2022-01-01T02:01:05;99152.25;;;9.34;95.57
113;BME280;45999;48.808;9.182;2022-01-01T02:03:50;99153.59;;;9.30;94.08
113;BME280;45999;48.808;9.182;2022-01-01T02:06:20;99152.88;;;9.36;93.55
113;BME280;45999;48.808;9.182;2022-01-01T02:08:47;99155.91;;;9.47;92.54
113;BME280;45999;48.808;9.182;2022-01-01T02:11:15;99154.72;;;9.50;93.06
113;BME280;45999;48.808;9.182;2022-01-01T02:13:43;99158.81;;;9.52;91.26
113;BME280;45999;48.808;9.182;2022-01-01T02:16:26;99164.31;;;9.51;92.89
113;BME280;45999;48.808;9.182;2022-01-01T02:19:00;99169.44;;;9.52;92.54
113;BME280;45999;48.808;9.182;2022-01-01T02:21:27;99171.53;;;9.57;91.53
113;BME280;45999;48.808;9.182;2022-01-01T02:23:53;99170.31;;;9.59;90.84
113;BME280;45999;48.808;9.182;2022-01-01T02:26:33;99169.97;;;9.62;90.33
113;BME280;45999;48.808;9.182;2022-01-01T02:29:00;99167.84;;;9.58;91.01
113;BME280;45999;48.808;9.182;2022-01-01T02:31:31;99164.13;;;9.52;92.41
113;BME280;45999;48.808;9.182;2022-01-01T02:34:03;99172.19;;;9.44;92.76
113;BME280;45999;48.808;9.182;2022-01-01T02:36:30;99157.47;;;9.42;93.18
113;BME280;45999;48.808;9.182;2022-01-01T02:38:57;99169.63;;;9.36;93.97
113;BME280;45999;48.808;9.182;2022-01-01T02:41:24;99161.84;;;9.35;94.64
113;BME280;45999;48.808;9.182;2022-01-01T02:43:51;99166.88;;;9.30;94.96
113;BME280;45999;48.808;9.182;2022-01-01T02:46:18;99162.75;;;9.27;96.08
113;BME280;45999;48.808;9.182;2022-01-01T02:48:44;99160.28;;;9.26;96.09
113;BME280;45999;48.808;9.182;2022-01-01T02:51:11;99152.25;;;9.19;96.06
113;BME280;45999;48.808;9.182;2022-01-01T02:53:40;99165.41;;;9.13;96.58
113;BME280;45999;48.808;9.182;2022-01-01T02:56:07;99163.78;;;9.12;96.90
113;BME280;45999;48.808;9.182;2022-01-01T02:58:33;99159.47;;;9.11;96.16
113;BME280;45999;48.808;9.182;2022-01-01T03:00:59;99159.13;;;9.14;96.58
113;BME280;45999;48.808;9.182;2022-01-01T03:03:26;99149.22;;;9.08;97.29
113;BME280;45999;48.808;9.182;2022-01-01T03:05:52;99152.91;;;9.21;96.21
113;BME280;45999;48.808;9.182;2022-01-01T03:08:18;99155.47;;;9.15;97.19
113;BME280;45999;48.808;9.182;2022-01-01T03:10:45;99151.44;;;9.19;96.72
113;BME280;45999;48.808;9.182;2022-01-01T03:13:12;99151.34;;;9.12;97.75
113;BME280;45999;48.808;9.182;2022-01-01T03:15:39;99148.25;;;9.09;97.70
113;BME280;45999;48.808;9.182;2022-01-01T03:18:05;99154.88;;;9.19;97.97
113;BME280;45999;48.808;9.182;2022-01-01T03:20:32;99159.03;;;9.07;98.82
113;BME280;45999;48.808;9.182;2022-01-01T03:22:58;99162.41;;;9.16;97.53
113;BME280;45999;48.808;9.182;2022-01-01T03:25:24;99162.97;;;9.11;96.93
113;BME280;45999;48.808;9.182;2022-01-01T03:27:51;99149.22;;;9.08;97.42
113;BME280;45999;48.808;9.182;2022-01-01T03:30:17;99155.72;;;9.05;96.78
113;BME280;45999;48.808;9.182;2022-01-01T03:32:43;99147.13;;;9.03;97.29
113;BME280;45999;48.808;9.182;2022-01-01T03:35:10;99148.41;;;9.07;95.73
113;BME280;45999;48.808;9.182;2022-01-01T03:37:37;99144.31;;;9.05;95.69
113;BME280;45999;48.808;9.182;2022-01-01T03:40:04;99141.66;;;9.05;95.09
113;BME280;45999;48.808;9.182;2022-01-01T03:42:30;99141.72;;;8.97;96.29
113;BME280;45999;48.808;9.182;2022-01-01T03:44:57;99144.47;;;8.89;97.41
113;BME280;45999;48.808;9.182;2022-01-01T03:47:23;99147.13;;;8.89;97.05
113;BME280;45999;48.808;9.182;2022-01-01T03:49:49;99149.75;;;8.89;96.76
113;BME280;45999;48.808;9.182;2022-01-01T03:52:16;99148.22;;;8.94;97.22
113;BME280;45999;48.808;9.182;2022-01-01T03:54:42;99154.16;;;8.96;98.65
113;BME280;45999;48.808;9.182;2022-01-01T03:57:08;99159.63;;;8.95;97.94
113;BME280;45999;48.808;9.182;2022-01-01T03:59:35;99159.63;;;8.95;97.97
113;BME280;45999;48.808;9.182;2022-01-01T04:02:01;99160.94;;;8.99;97.44
113;BME280;45999;48.808;9.182;2022-01-01T04:04:28;99156.00;;;8.96;97.96
113;BME280;45999;48.808;9.182;2022-01-01T04:06:55;99155.44;;;9.00;97.71
113;BME280;45999;48.808;9.182;2022-01-01T04:09:22;99161.84;;;9.06;97.41
113;BME280;45999;48.808;9.182;2022-01-01T04:11:49;99151.59;;;9.03;99.13
113;BME280;45999;48.808;9.182;2022-01-01T04:14:16;99158.53;;;9.04;98.40
113;BME280;45999;48.808;9.182;2022-01-01T04:16:43;99157.47;;;8.98;98.87
113;BME280;45999;48.808;9.182;2022-01-01T04:19:11;99158.63;;;9.10;96.38
113;BME280;45999;48.808;9.182;2022-01-01T04:21:37;99158.63;;;9.10;95.80
113;BME280;45999;48.808;9.182;2022-01-01T04:24:04;99159.03;;;9.07;95.64
113;BME280;45999;48.808;9.182;2022-01-01T04:26:30;99159.22;;;9.06;95.24
113;BME280;45999;48.808;9.182;2022-01-01T04:28:58;99151.44;;;9.04;95.24
113;BME280;45999;48.808;9.182;2022-01-01T04:31:25;99154.63;;;9.00;96.74
113;BME280;45999;48.808;9.182;2022-01-01T04:33:51;99153.63;;;9.01;95.17
113;BME280;45999;48.808;9.182;2022-01-01T04:36:17;99146.19;;;8.96;96.22
113;BME280;45999;48.808;9.182;2022-01-01T04:38:45;99142.09;;;8.94;96.80
113;BME280;45999;48.808;9.182;2022-01-01T04:41:13;99142.25;;;8.92;96.65
113;BME280;45999;48.808;9.182;2022-01-01T04:43:41;99127.91;;;8.87;97.10
113;BME280;45999;48.808;9.182;2022-01-01T04:46:09;99141.88;;;8.81;97.58
113;BME280;45999;48.808;9.182;2022-01-01T04:48:36;99133.56;;;8.69;97.55
113;BME280;45999;48.808;9.182;2022-01-01T04:51:07;99129.91;;;8.70;96.70
113;BME280;45999;48.808;9.182;2022-01-01T04:53:34;99120.56;;;8.60;97.34
113;BME280;45999;48.808;9.182;2022-01-01T04:56:01;99124.03;;;8.46;98.38
113;BME280;45999;48.808;9.182;2022-01-01T04:58:31;99114.84;;;8.34;99.09
113;BME280;45999;48.808;9.182;2022-01-01T05:00:58;99120.22;;;8.26;99.03
113;BME280;45999;48.808;9.182;2022-01-01T05:03:24;99116.78;;;8.17;99.71
113;BME280;45999;48.808;9.182;2022-01-01T05:05:51;99122.69;;;8.05;99.49
113;BME280;45999;48.808;9.182;2022-01-01T05:08:17;99119.38;;;8.03;100.00
113;BME280;45999;48.808;9.182;2022-01-01T05:10:43;99117.16;;;7.92;100.00
113;BME280;45999;48.808;9.182;2022-01-01T05:13:10;99115.03;;;7.87;100.00
113;BME280;45999;48.808;9.182;2022-01-01T05:15:36;99108.97;;;7.79;100.00
113;BME280;45999;48.808;9.182;2022-01-01T05:18:02;99111.94;;;7.76;100.00
113;BME280;45999;48.808;9.182;2022-01-01T05:20:29;99125.06;;;7.69;100.00
113;BME280;45999;48.808;9.182;2022-01-01T05:22:55;99123.97;;;7.64;100.00
113;BME280;45999;48.808;9.182;2022-01-01T05:25:21;99127.94;;;7.60;100.00
113;BME280;45999;48.808;9.182;2022-01-01T05:27:48;99125.00;;;7.55;100.00
113;BME280;45999;48.808;9.182;2022-01-01T05:30:14;99136.63;;;7.46;100.00
113;BME280;45999;48.808;9.182;2022-01-01T05:32:40;99131.84;;;7.41;100.00
113;BME280;45999;48.808;9.182;2022-01-01T05:35:07;99128.84;;;7.44;100.00
113;BME280;45999;48.808;9.182;2022-01-01T05:37:33;99136.63;;;7.46;100.00
113;BME280;45999;48.808;9.182;2022-01-01T05:40:00;99137.28;;;7.40;100.00
113;BME280;45999;48.808;9.182;2022-01-01T05:42:26;99139.31;;;7.38;100.00
113;BME280;45999;48.808;9.182;2022-01-01T05:44:53;99145.03;;;7.49;100.00
113;BME280;45999;48.808;9.182;2022-01-01T05:47:19;99146.38;;;7.45;100.00
113;BME280;45999;48.808;9.182;2022-01-01T05:49:45;99145.06;;;7.41;100.00
113;BME280;45999;48.808;9.182;2022-01-01T05:52:12;99147.06;;;7.39;100.00
113;BME280;45999;48.808;9.182;2022-01-01T05:54:38;99151.34;;;7.40;100.00
113;BME280;45999;48.808;9.182;2022-01-01T05:57:05;99158.13;;;7.43;100.00
113;BME280;45999;48.808;9.182;2022-01-01T05:59:31;99157.44;;;7.49;100.00
113;BME280;45999;48.808;9.182;2022-01-01T06:01:58;99156.41;;;7.50;100.00
113;BME280;45999;48.808;9.182;2022-01-01T06:04:24;99162.53;;;7.58;100.00
113;BME280;45999;48.808;9.182;2022-01-01T06:06:51;99168.28;;;7.62;100.00
113;BME280;45999;48.808;9.182;2022-01-01T06:09:17;99165.94;;;7.67;100.00
113;BME280;45999;48.808;9.182;2022-01-01T06:11:43;99170.59;;;7.65;100.00
113;BME280;45999;48.808;9.182;2022-01-01T06:14:10;99174.00;;;7.73;100.00
113;BME280;45999;48.808;9.182;2022-01-01T06:16:36;99172.53;;;7.71;100.00
113;BME280;45999;48.808;9.182;2022-01-01T06:19:02;99176.31;;;7.76;100.00
113;BME280;45999;48.808;9.182;2022-01-01T06:21:29;99180.75;;;7.84;100.00
113;BME280;45999;48.808;9.182;2022-01-01T06:23:55;99183.84;;;7.87;100.00
113;BME280;45999;48.808;9.182;2022-01-01T06:26:21;99187.97;;;7.90;100.00
113;BME280;45999;48.808;9.182;2022-01-01T06:28:48;99180.31;;;7.95;100.00
113;BME280;45999;48.808;9.182;2022-01-01T06:31:14;99188.28;;;7.95;100.00
113;BME280;45999;48.808;9.182;2022-01-01T06:33:41;99188.81;;;7.90;100.00
113;BME280;45999;48.808;9.182;2022-01-01T06:36:07;99193.41;;;7.96;100.00
113;BME280;45999;48.808;9.182;2022-01-01T06:38:37;99191.75;;;7.95;100.00
113;BME280;45999;48.808;9.182;2022-01-01T06:41:03;99196.03;;;7.96;100.00
113;BME280;45999;48.808;9.182;2022-01-01T06:43:30;99195.72;;;7.99;100.00
113;BME280;45999;48.808;9.182;2022-01-01T06:45:56;99194.53;;;8.02;99.17
113;BME280;45999;48.808;9.182;2022-01-01T06:48:22;99196.16;;;8.03;97.57
113;BME280;45999;48.808;9.182;2022-01-01T06:50:49;99191.53;;;8.05;98.04
113;BME280;45999;48.808;9.182;2022-01-01T06:53:15;99195.88;;;7.98;98.28
113;BME280;45999;48.808;9.182;2022-01-01T06:55:42;99195.13;;;8.12;97.24
113;BME280;45999;48.808;9.182;2022-01-01T06:58:08;99195.28;;;7.88;98.63
113;BME280;45999;48.808;9.182;2022-01-01T07:00:35;99195.78;;;7.83;98.85
113;BME280;45999;48.808;9.182;2022-01-01T07:03:03;99192.16;;;7.84;98.99
113;BME280;45999;48.808;9.182;2022-01-01T07:05:29;99191.84;;;7.79;99.51
113;BME280;45999;48.808;9.182;2022-01-01T07:07:56;99190.78;;;7.88;98.13
113;BME280;45999;48.808;9.182;2022-01-01T07:10:22;99186.94;;;7.99;97.75
113;BME280;45999;48.808;9.182;2022-01-01T07:12:49;99186.78;;;7.92;98.10
113;BME280;45999;48.808;9.182;2022-01-01T07:15:15;99183.97;;;7.94;97.05
113;BME280;45999;48.808;9.182;2022-01-01T07:17:42;99175.03;;;7.95;96.59
113;BME280;45999;48.808;9.182;2022-01-01T07:20:09;99185.00;;;7.93;97.17
113;BME280;45999;48.808;9.182;2022-01-01T07:22:42;99184.16;;;7.92;97.80
113;BME280;45999;48.808;9.182;2022-01-01T07:25:11;99188.28;;;7.95;96.70
113;BME280;45999;48.808;9.182;2022-01-01T07:27:38;99193.06;;;7.99;97.70
113;BME280;45999;48.808;9.182;2022-01-01T07:30:05;99194.19;;;8.05;96.86
113;BME280;45999;48.808;9.182;2022-01-01T07:32:32;99196.84;;;8.05;97.44
113;BME280;45999;48.808;9.182;2022-01-01T07:34:59;99192.00;;;8.08;96.92
113;BME280;45999;48.808;9.182;2022-01-01T07:37:25;99193.13;;;8.14;95.77
113;BME280;45999;48.808;9.182;2022-01-01T07:39:51;99186.81;;;8.23;94.93
113;BME280;45999;48.808;9.182;2022-01-01T07:42:18;99193.69;;;8.32;93.19
113;BME280;45999;48.808;9.182;2022-01-01T07:44:44;99196.16;;;8.33;95.09
113;BME280;45999;48.808;9.182;2022-01-01T07:47:10;99186.03;;;8.37;94.31
113;BME280;45999;48.808;9.182;2022-01-01T07:49:37;99187.34;;;8.41;94.69
113;BME280;45999;48.808;9.182;2022-01-01T07:52:03;99191.81;;;8.40;95.28
113;BME280;45999;48.808;9.182;2022-01-01T07:54:29;99190.63;;;8.43;95.72
113;BME280;45999;48.808;9.182;2022-01-01T07:56:56;99179.84;;;8.44;93.19
113;BME280;45999;48.808;9.182;2022-01-01T07:59:22;99180.47;;;8.46;94.23
113;BME280;45999;48.808;9.182;2022-01-01T08:01:48;99174.72;;;8.43;93.40
113;BME280;45999;48.808;9.182;2022-01-01T08:04:15;99172.91;;;8.43;92.86
113;BME280;45999;48.808;9.182;2022-01-01T08:06:41;99170.91;;;8.45;91.43
113;BME280;45999;48.808;9.182;2022-01-01T08:09:07;99174.38;;;8.46;91.88
113;BME280;45999;48.808;9.182;2022-01-01T08:11:34;99181.50;;;8.45;91.45
113;BME280;45999;48.808;9.182;2022-01-01T08:14:00;99180.94;;;8.50;91.89
113;BME280;45999;48.808;9.182;2022-01-01T08:16:26;99180.59;;;8.53;91.84
113;BME280;45999;48.808;9.182;2022-01-01T08:18:53;99175.13;;;8.54;92.10
113;BME280;45999;48.808;9.182;2022-01-01T08:21:19;99169.38;;;8.51;91.43
113;BME280;45999;48.808;9.182;2022-01-01T08:23:45;99164.41;;;8.48;92.03
113;BME280;45999;48.808;9.182;2022-01-01T08:26:12;99174.19;;;8.47;92.95
113;BME280;45999;48.808;9.182;2022-01-01T08:28:38;99166.78;;;8.43;92.55
113;BME280;45999;48.808;9.182;2022-01-01T08:31:06;99179.47;;;8.47;92.20
113;BME280;45999;48.808;9.182;2022-01-01T08:33:33;99174.38;;;8.46;91.05
113;BME280;45999;48.808;9.182;2022-01-01T08:35:59;99181.66;;;8.44;92.15
113;BME280;45999;48.808;9.182;2022-01-01T08:38:29;99180.03;;;8.43;91.96
113;BME280;45999;48.808;9.182;2022-01-01T08:40:55;99189.22;;;8.55;89.96
113;BME280;45999;48.808;9.182;2022-01-01T08:43:22;99188.72;;;8.51;91.23
113;BME280;45999;48.808;9.182;2022-01-01T08:45:50;99200.69;;;8.47;90.92
113;BME280;45999;48.808;9.182;2022-01-01T08:48:16;99198.63;;;8.57;89.43
113;BME280;45999;48.808;9.182;2022-01-01T08:50:42;99205.41;;;8.60;89.43
113;BME280;45999;48.808;9.182;2022-01-01T08:53:09;99212.69;;;8.58;90.35
113;BME280;45999;48.808;9.182;2022-01-01T08:55:35;99202.81;;;8.52;90.63
113;BME280;45999;48.808;9.182;2022-01-01T08:58:02;99209.59;;;8.54;89.33
113;BME280;45999;48.808;9.182;2022-01-01T09:00:28;99209.28;;;8.49;91.44
113;BME280;45999;48.808;9.182;2022-01-01T09:02:54;99209.53;;;8.62;89.37
113;BME280;45999;48.808;9.182;2022-01-01T09:05:21;99210.31;;;8.63;89.24
113;BME280;45999;48.808;9.182;2022-01-01T09:07:49;99214.81;;;8.62;90.31
113;BME280;45999;48.808;9.182;2022-01-01T09:10:15;99212.16;;;8.62;89.82
113;BME280;45999;48.808;9.182;2022-01-01T09:12:44;99209.53;;;8.62;90.37
113;BME280;45999;48.808;9.182;2022-01-01T09:15:10;99213.66;;;8.79;88.52
113;BME280;45999;48.808;9.182;2022-01-01T09:17:37;99210.19;;;8.79;89.79
113;BME280;45999;48.808;9.182;2022-01-01T09:20:03;99215.06;;;8.90;89.90
113;BME280;45999;48.808;9.182;2022-01-01T09:22:30;99209.84;;;8.96;89.84
113;BME280;45999;48.808;9.182;2022-01-01T09:24:56;99211.97;;;9.01;89.35
113;BME280;45999;48.808;9.182;2022-01-01T09:27:23;99218.19;;;9.08;89.06
113;BME280;45999;48.808;9.182;2022-01-01T09:29:50;99220.78;;;9.16;88.20
113;BME280;45999;48.808;9.182;2022-01-01T09:32:16;99218.84;;;9.24;87.57
113;BME280;45999;48.808;9.182;2022-01-01T09:34:43;99222.25;;;9.33;86.25
113;BME280;45999;48.808;9.182;2022-01-01T09:37:09;99227.84;;;9.38;86.53
113;BME280;45999;48.808;9.182;2022-01-01T09:39:36;99240.19;;;9.45;86.30
113;BME280;45999;48.808;9.182;2022-01-01T09:42:02;99226.66;;;9.55;85.24
113;BME280;45999;48.808;9.182;2022-01-01T09:44:35;99230.66;;;9.65;84.67
113;BME280;45999;48.808;9.182;2022-01-01T09:47:02;99230.72;;;9.72;83.75
113;BME280;45999;48.808;9.182;2022-01-01T09:49:28;99240.53;;;9.86;83.87
113;BME280;45999;48.808;9.182;2022-01-01T09:51:55;99231.63;;;10.08;82.16
113;BME280;45999;48.808;9.182;2022-01-01T09:54:21;99231.25;;;9.96;82.84
113;BME280;45999;48.808;9.182;2022-01-01T09:56:47;99232.91;;;9.97;83.25
113;BME280;45999;48.808;9.182;2022-01-01T09:59:14;99231.72;;;10.00;83.22
113;BME280;45999;48.808;9.182;2022-01-01T10:01:40;99236.31;;;10.06;82.41
113;BME280;45999;48.808;9.182;2022-01-01T10:04:14;99224.47;;;10.08;82.12
113;BME280;45999;48.808;9.182;2022-01-01T10:06:41;99230.63;;;10.09;82.50
113;BME280;45999;48.808;9.182;2022-01-01T10:09:08;99226.50;;;10.06;83.81
113;BME280;45999;48.808;9.182;2022-01-01T10:11:36;99218.44;;;10.35;80.33
113;BME280;45999;48.808;9.182;2022-01-01T10:14:06;99220.00;;;10.30;80.42
113;BME280;45999;48.808;9.182;2022-01-01T10:16:37;99221.47;;;10.32;80.81
113;BME280;45999;48.808;9.182;2022-01-01T10:19:07;99210.38;;;10.29;80.28
113;BME280;45999;48.808;9.182;2022-01-01T10:21:33;99211.53;;;10.41;78.69
113;BME280;45999;48.808;9.182;2022-01-01T10:24:08;99214.88;;;10.49;78.06
113;BME280;45999;48.808;9.182;2022-01-01T10:26:38;99209.31;;;10.44;78.85
113;BME280;45999;48.808;9.182;2022-01-01T10:29:27;99205.22;;;10.42;79.11
113;BME280;45999;48.808;9.182;2022-01-01T10:34:34;99197.59;;;10.39;78.82
113;BME280;45999;48.808;9.182;2022-01-01T10:37:05;99193.75;;;10.41;78.83
113;BME280;45999;48.808;9.182;2022-01-01T10:39:32;99186.06;;;10.53;77.49
113;BME280;45999;48.808;9.182;2022-01-01T10:42:00;99203.09;;;10.79;75.81
113;BME280;45999;48.808;9.182;2022-01-01T10:44:32;99199.47;;;10.87;75.20
113;BME280;45999;48.808;9.182;2022-01-01T10:47:04;99195.84;;;10.94;74.36
113;BME280;45999;48.808;9.182;2022-01-01T10:49:33;99203.97;;;10.86;75.69
113;BME280;45999;48.808;9.182;2022-01-01T10:52:27;99198.63;;;10.86;75.34
113;BME280;45999;48.808;9.182;2022-01-01T10:54:55;99192.94;;;10.89;75.75
113;BME280;45999;48.808;9.182;2022-01-01T10:57:54;99190.34;;;10.96;74.75
113;BME280;45999;48.808;9.182;2022-01-01T11:00:25;99186.31;;;11.07;74.33
113;BME280;45999;48.808;9.182;2022-01-01T11:02:57;99180.47;;;11.24;73.26
113;BME280;45999;48.808;9.182;2022-01-01T11:05:27;99178.06;;;11.29;73.67
113;BME280;45999;48.808;9.182;2022-01-01T11:07:55;99174.22;;;11.38;72.76
113;BME280;45999;48.808;9.182;2022-01-01T11:10:23;99168.66;;;11.33;73.81
113;BME280;45999;48.808;9.182;2022-01-01T11:12:51;99163.75;;;11.37;73.60
113;BME280;45999;48.808;9.182;2022-01-01T11:15:18;99167.78;;;11.26;75.62
113;BME280;45999;48.808;9.182;2022-01-01T11:17:45;99159.03;;;11.32;74.17
113;BME280;45999;48.808;9.182;2022-01-01T11:20:12;99159.66;;;11.34;74.07
113;BME280;45999;48.808;9.182;2022-01-01T11:22:39;99160.66;;;11.33;74.42
113;BME280;45999;48.808;9.182;2022-01-01T11:25:06;99159.59;;;11.27;75.15
113;BME280;45999;48.808;9.182;2022-01-01T11:27:32;99151.28;;;11.37;74.78
113;BME280;45999;48.808;9.182;2022-01-01T11:30:02;99146.28;;;11.27;75.14
113;BME280;45999;48.808;9.182;2022-01-01T11:32:50;99147.31;;;11.27;74.83
113;BME280;45999;48.808;9.182;2022-01-01T11:35:22;99136.69;;;11.27;74.75
113;BME280;45999;48.808;9.182;2022-01-01T11:37:56;99130.03;;;11.50;73.74
113;BME280;45999;48.808;9.182;2022-01-01T11:40:24;99131.28;;;11.54;73.47
113;BME280;45999;48.808;9.182;2022-01-01T11:42:51;99131.91;;;11.56;73.19
113;BME280;45999;48.808;9.182;2022-01-01T11:45:38;99135.09;;;11.39;75.21
113;BME280;45999;48.808;9.182;2022-01-01T11:50:53;99125.97;;;11.54;74.02
113;BME280;45999;48.808;9.182;2022-01-01T11:53:27;99123.78;;;11.64;73.39
113;BME280;45999;48.808;9.182;2022-01-01T11:56:10;99124.72;;;11.50;73.12
113;BME280;45999;48.808;9.182;2022-01-01T12:01:18;99120.38;;;11.43;74.51
113;BME280;45999;48.808;9.182;2022-01-01T12:03:52;99117.91;;;11.41;75.07
113;BME280;45999;48.808;9.182;2022-01-01T12:06:20;99108.66;;;11.37;75.28
113;BME280;45999;48.808;9.182;2022-01-01T12:08:48;99111.16;;;11.45;74.09
113;BME280;45999;48.808;9.182;2022-01-01T12:11:32;99106.91;;;11.57;73.50
113;BME280;45999;48.808;9.182;2022-01-01T12:14:01;99095.97;;;11.39;75.51
113;BME280;45999;48.808;9.182;2022-01-01T12:16:28;99103.34;;;11.37;75.52
113;BME280;45999;48.808;9.182;2022-01-01T12:19:05;99097.22;;;11.43;74.50
113;BME280;45999;48.808;9.182;2022-01-01T12:21:41;99095.78;;;11.41;75.25
113;BME280;45999;48.808;9.182;2022-01-01T12:24:07;99096.25;;;11.57;73.72
113;BME280;45999;48.808;9.182;2022-01-01T12:26:35;99091.34;;;11.54;73.44
113;BME280;45999;48.808;9.182;2022-01-01T12:29:04;99086.88;;;11.61;73.75
113;BME280;45999;48.808;9.182;2022-01-01T12:31:31;99081.56;;;11.68;73.39
113;BME280;45999;48.808;9.182;2022-01-01T12:34:08;99084.25;;;11.81;72.73
113;BME280;45999;48.808;9.182;2022-01-01T12:36:35;99071.13;;;11.79;72.87
113;BME280;45999;48.808;9.182;2022-01-01T12:39:08;99076.06;;;11.82;73.21
113;BME280;45999;48.808;9.182;2022-01-01T12:41:36;99069.53;;;11.85;73.07
113;BME280;45999;48.808;9.182;2022-01-01T12:44:06;99073.16;;;11.64;74.85
113;BME280;45999;48.808;9.182;2022-01-01T12:46:34;99073.38;;;11.69;73.79
113;BME280;45999;48.808;9.182;2022-01-01T12:49:05;99067.44;;;11.74;73.94
113;BME280;45999;48.808;9.182;2022-01-01T12:51:33;99062.53;;;11.71;74.37
113;BME280;45999;48.808;9.182;2022-01-01T12:56:33;99047.31;;;11.65;75.13
113;BME280;45999;48.808;9.182;2022-01-01T12:59:04;99052.50;;;11.79;73.96
113;BME280;45999;48.808;9.182;2022-01-01T13:01:38;99052.13;;;11.95;72.98
113;BME280;45999;48.808;9.182;2022-01-01T13:04:07;99049.22;;;11.77;74.43
113;BME280;45999;48.808;9.182;2022-01-01T13:06:36;99046.09;;;11.67;74.81
113;BME280;45999;48.808;9.182;2022-01-01T13:09:11;99049.94;;;11.58;75.48
113;BME280;45999;48.808;9.182;2022-01-01T13:11:43;99048.09;;;11.52;76.11
113;BME280;45999;48.808;9.182;2022-01-01T13:14:10;99047.97;;;11.67;75.27
113;BME280;45999;48.808;9.182;2022-01-01T13:16:37;99035.88;;;11.71;75.38
113;BME280;45999;48.808;9.182;2022-01-01T13:19:04;99038.34;;;11.79;74.47
113;BME280;45999;48.808;9.182;2022-01-01T13:21:32;99039.56;;;11.76;74.36
113;BME280;45999;48.808;9.182;2022-01-01T13:23:59;99030.34;;;11.79;75.07
113;BME280;45999;48.808;9.182;2022-01-01T13:26:25;99042.63;;;11.67;75.98
113;BME280;45999;48.808;9.182;2022-01-01T13:28:56;99025.16;;;11.58;76.37
113;BME280;45999;48.808;9.182;2022-01-01T13:31:24;99027.00;;;11.57;76.57
113;BME280;45999;48.808;9.182;2022-01-01T13:33:53;99029.50;;;11.65;76.40
113;BME280;45999;48.808;9.182;2022-01-01T13:39:06;99016.84;;;11.87;74.88
113;BME280;45999;48.808;9.182;2022-01-01T13:41:45;99008.22;;;11.72;75.97
113;BME280;45999;48.808;9.182;2022-01-01T13:44:23;98995.09;;;11.83;75.23
113;BME280;45999;48.808;9.182;2022-01-01T13:47:00;99002.06;;;11.78;75.08
113;BME280;45999;48.808;9.182;2022-01-01T13:49:37;98993.88;;;11.79;74.68
113;BME280;45999;48.808;9.182;2022-01-01T13:52:03;98994.28;;;11.89;73.92
113;BME280;45999;48.808;9.182;2022-01-01T13:54:34;98997.56;;;11.85;74.46
113;BME280;45999;48.808;9.182;2022-01-01T13:57:06;99001.66;;;11.81;74.93
113;BME280;45999;48.808;9.182;2022-01-01T13:59:35;99004.94;;;11.83;74.29
113;BME280;45999;48.808;9.182;2022-01-01T14:02:07;99001.44;;;11.69;75.10
113;BME280;45999;48.808;9.182;2022-01-01T14:04:39;99000.00;;;11.60;76.83
113;BME280;45999;48.808;9.182;2022-01-01T14:07:07;99000.22;;;11.65;75.46
113;BME280;45999;48.808;9.182;2022-01-01T14:09:36;99000.78;;;11.54;76.36
113;BME280;45999;48.808;9.182;2022-01-01T14:12:03;99001.56;;;11.48;77.40
113;BME280;45999;48.808;9.182;2022-01-01T14:14:30;99000.78;;;11.48;76.94
113;BME280;45999;48.808;9.182;2022-01-01T14:16:57;99001.84;;;11.66;75.53
113;BME280;45999;48.808;9.182;2022-01-01T14:19:24;98994.63;;;11.47;77.31
113;BME280;45999;48.808;9.182;2022-01-01T14:21:53;98997.47;;;11.46;76.95
113;BME280;45999;48.808;9.182;2022-01-01T14:24:21;98996.84;;;11.37;77.42
113;BME280;45999;48.808;9.182;2022-01-01T14:26:51;98989.63;;;11.18;79.02
113;BME280;45999;48.808;9.182;2022-01-01T14:29:19;98993.06;;;11.12;79.39
113;BME280;45999;48.808;9.182;2022-01-01T14:31:49;98997.72;;;10.97;80.33
113;BME280;45999;48.808;9.182;2022-01-01T14:34:15;98991.91;;;11.27;77.58
113;BME280;45999;48.808;9.182;2022-01-01T14:36:45;98992.91;;;11.20;78.34
113;BME280;45999;48.808;9.182;2022-01-01T14:39:13;99003.91;;;11.04;79.74
113;BME280;45999;48.808;9.182;2022-01-01T14:41:40;98994.00;;;10.91;79.94
113;BME280;45999;48.808;9.182;2022-01-01T14:44:07;99010.16;;;10.83;80.67
113;BME280;45999;48.808;9.182;2022-01-01T14:46:38;99004.44;;;10.86;79.81
113;BME280;45999;48.808;9.182;2022-01-01T14:52:13;99002.69;;;10.66;81.74
113;BME280;45999;48.808;9.182;2022-01-01T14:55:03;99002.81;;;10.51;82.66
113;BME280;45999;48.808;9.182;2022-01-01T14:57:44;99002.34;;;10.41;83.28
113;BME280;45999;48.808;9.182;2022-01-01T15:00:13;99001.50;;;10.34;82.99
113;BME280;45999;48.808;9.182;2022-01-01T15:02:42;98998.34;;;10.24;84.08
113;BME280;45999;48.808;9.182;2022-01-01T15:05:09;99004.63;;;10.17;84.27
113;BME280;45999;48.808;9.182;2022-01-01T15:07:37;99007.09;;;10.18;83.26
113;BME280;45999;48.808;9.182;2022-01-01T15:10:11;98994.97;;;10.09;84.37
113;BME280;45999;48.808;9.182;2022-01-01T15:12:38;98993.50;;;10.07;83.97
113;BME280;45999;48.808;9.182;2022-01-01T15:15:05;98991.59;;;10.01;84.43
113;BME280;45999;48.808;9.182;2022-01-01T15:17:32;98987.50;;;9.98;84.37
113;BME280;45999;48.808;9.182;2022-01-01T15:20:01;98984.25;;;10.03;84.11
113;BME280;45999;48.808;9.182;2022-01-01T15:24:55;98983.34;;;9.89;85.26
113;BME280;45999;48.808;9.182;2022-01-01T15:27:24;98981.81;;;9.80;86.64
113;BME280;45999;48.808;9.182;2022-01-01T15:29:51;98980.69;;;9.68;87.58
113;BME280;45999;48.808;9.182;2022-01-01T15:32:32;98985.31;;;9.60;88.09
113;BME280;45999;48.808;9.182;2022-01-01T15:35:17;98976.84;;;9.50;88.68
113;BME280;45999;48.808;9.182;2022-01-01T15:37:57;98973.75;;;9.46;88.88
113;BME280;45999;48.808;9.182;2022-01-01T15:40:29;98973.31;;;9.43;89.22
113;BME280;45999;48.808;9.182;2022-01-01T15:43:08;98962.72;;;9.28;90.88
113;BME280;45999;48.808;9.182;2022-01-01T15:45:34;98965.31;;;9.22;91.14
113;BME280;45999;48.808;9.182;2022-01-01T15:48:01;98965.19;;;9.09;91.74
113;BME280;45999;48.808;9.182;2022-01-01T15:50:28;98965.75;;;9.04;92.19
113;BME280;45999;48.808;9.182;2022-01-01T15:52:54;98961.28;;;9.05;92.04
113;BME280;45999;48.808;9.182;2022-01-01T15:55:21;98966.69;;;8.97;92.62
113;BME280;45999;48.808;9.182;2022-01-01T15:57:49;98968.44;;;8.90;92.98
113;BME280;45999;48.808;9.182;2022-01-01T16:00:21;98968.56;;;8.82;93.91
113;BME280;45999;48.808;9.182;2022-01-01T16:05:50;98964.72;;;8.70;94.78
113;BME280;45999;48.808;9.182;2022-01-01T16:08:22;98958.97;;;8.66;94.81
113;BME280;45999;48.808;9.182;2022-01-01T16:10:53;98957.03;;;8.60;95.27
113;BME280;45999;48.808;9.182;2022-01-01T16:13:22;98968.38;;;8.54;95.23
113;BME280;45999;48.808;9.182;2022-01-01T16:15:57;98964.09;;;8.53;95.46
113;BME280;45999;48.808;9.182;2022-01-01T16:18:37;98959.53;;;8.47;95.77
113;BME280;45999;48.808;9.182;2022-01-01T16:21:12;98960.25;;;8.41;96.20
113;BME280;45999;48.808;9.182;2022-01-01T16:23:39;98961.72;;;8.44;96.77
113;BME280;45999;48.808;9.182;2022-01-01T16:26:08;98959.06;;;8.44;96.59
113;BME280;45999;48.808;9.182;2022-01-01T16:28:35;98959.81;;;8.38;96.82
113;BME280;45999;48.808;9.182;2022-01-01T16:31:03;98960.16;;;8.35;96.87
113;BME280;45999;48.808;9.182;2022-01-01T16:33:36;98959.53;;;8.33;97.04
113;BME280;45999;48.808;9.182;2022-01-01T16:36:02;98951.94;;;8.30;97.23
113;BME280;45999;48.808;9.182;2022-01-01T16:38:29;98952.31;;;8.27;97.13
113;BME280;45999;48.808;9.182;2022-01-01T16:41:06;98955.84;;;8.19;97.14
113;BME280;45999;48.808;9.182;2022-01-01T16:43:56;98964.16;;;8.16;97.64
113;BME280;45999;48.808;9.182;2022-01-01T16:47:00;98959.66;;;8.17;97.85
113;BME280;45999;48.808;9.182;2022-01-01T16:49:30;98960.22;;;8.12;97.72
113;BME280;45999;48.808;9.182;2022-01-01T16:52:33;98955.19;;;8.03;98.69
113;BME280;45999;48.808;9.182;2022-01-01T16:55:03;98957.56;;;7.98;98.28
113;BME280;45999;48.808;9.182;2022-01-01T16:57:33;98950.97;;;7.94;98.29
113;BME280;45999;48.808;9.182;2022-01-01T17:00:18;98958.28;;;7.92;98.66
113;BME280;45999;48.808;9.182;2022-01-01T17:02:54;98952.50;;;7.88;99.10
113;BME280;45999;48.808;9.182;2022-01-01T17:05:22;98949.06;;;7.88;99.13
113;BME280;45999;48.808;9.182;2022-01-01T17:07:48;98954.06;;;7.83;99.31
113;BME280;45999;48.808;9.182;2022-01-01T17:10:14;98955.16;;;7.88;99.76
113;BME280;45999;48.808;9.182;2022-01-01T17:12:44;98951.16;;;7.92;100.00
113;BME280;45999;48.808;9.182;2022-01-01T17:15:10;98946.97;;;7.98;99.87
113;BME280;45999;48.808;9.182;2022-01-01T17:17:52;98945.84;;;7.92;100.00
113;BME280;45999;48.808;9.182;2022-01-01T17:20:38;98940.22;;;7.95;100.00
113;BME280;45999;48.808;9.182;2022-01-01T17:23:14;98941.56;;;7.91;100.00
113;BME280;45999;48.808;9.182;2022-01-01T17:25:43;98944.41;;;7.90;100.00
113;BME280;45999;48.808;9.182;2022-01-01T17:28:17;98944.28;;;7.83;100.00
113;BME280;45999;48.808;9.182;2022-01-01T17:30:47;98936.91;;;7.79;100.00
113;BME280;45999;48.808;9.182;2022-01-01T17:33:16;98930.84;;;7.70;100.00
113;BME280;45999;48.808;9.182;2022-01-01T17:35:51;98936.06;;;7.64;100.00
113;BME280;45999;48.808;9.182;2022-01-01T17:38:58;98938.50;;;7.65;100.00
113;BME280;45999;48.808;9.182;2022-01-01T17:41:56;98940.41;;;7.57;100.00
113;BME280;45999;48.808;9.182;2022-01-01T17:44:24;98939.78;;;7.55;100.00
113;BME280;45999;48.808;9.182;2022-01-01T17:46:51;98933.81;;;7.53;100.00
113;BME280;45999;48.808;9.182;2022-01-01T17:49:18;98943.41;;;7.54;100.00
113;BME280;45999;48.808;9.182;2022-01-01T17:51:53;98936.81;;;7.50;100.00
113;BME280;45999;48.808;9.182;2022-01-01T17:54:26;98943.00;;;7.42;100.00
113;BME280;45999;48.808;9.182;2022-01-01T17:56:56;98945.13;;;7.47;100.00
113;BME280;45999;48.808;9.182;2022-01-01T17:59:23;98934.06;;;7.43;100.00
113;BME280;45999;48.808;9.182;2022-01-01T18:01:50;98937.41;;;7.37;100.00
113;BME280;45999;48.808;9.182;2022-01-01T18:04:18;98938.09;;;7.39;100.00
113;BME280;45999;48.808;9.182;2022-01-01T18:07:02;98946.81;;;7.40;100.00
113;BME280;45999;48.808;9.182;2022-01-01T18:09:38;98943.38;;;7.39;100.00
113;BME280;45999;48.808;9.182;2022-01-01T18:12:43;98947.53;;;7.34;100.00
113;BME280;45999;48.808;9.182;2022-01-01T18:15:09;98948.13;;;7.44;100.00
113;BME280;45999;48.808;9.182;2022-01-01T18:17:39;98932.97;;;7.38;100.00
113;BME280;45999;48.808;9.182;2022-01-01T18:22:54;98923.38;;;7.37;100.00
113;BME280;45999;48.808;9.182;2022-01-01T18:28:08;98923.63;;;7.27;100.00
113;BME280;45999;48.808;9.182;2022-01-01T18:30:35;98925.97;;;7.22;100.00
113;BME280;45999;48.808;9.182;2022-01-01T18:33:02;98924.84;;;7.17;100.00
113;BME280;45999;48.808;9.182;2022-01-01T18:35:29;98914.44;;;7.15;100.00
113;BME280;45999;48.808;9.182;2022-01-01T18:37:56;98920.41;;;7.17;100.00
113;BME280;45999;48.808;9.182;2022-01-01T18:40:24;98907.28;;;7.24;100.00
113;BME280;45999;48.808;9.182;2022-01-01T18:42:51;98913.56;;;7.23;100.00
113;BME280;45999;48.808;9.182;2022-01-01T18:45:19;98906.44;;;7.23;100.00
113;BME280;45999;48.808;9.182;2022-01-01T18:47:46;98911.22;;;7.28;100.00
113;BME280;45999;48.808;9.182;2022-01-01T18:50:13;98908.38;;;7.29;100.00
113;BME280;45999;48.808;9.182;2022-01-01T18:55:20;98915.84;;;7.26;100.00
113;BME280;45999;48.808;9.182;2022-01-01T18:57:54;98920.38;;;7.40;100.00
113;BME280;45999;48.808;9.182;2022-01-01T19:00:23;98926.94;;;7.44;100.00
113;BME280;45999;48.808;9.182;2022-01-01T19:02:55;98933.41;;;7.64;100.00
113;BME280;45999;48.808;9.182;2022-01-01T19:05:29;98920.69;;;7.59;100.00
113;BME280;45999;48.808;9.182;2022-01-01T19:08:04;98919.97;;;7.51;100.00
113;BME280;45999;48.808;9.182;2022-01-01T19:10:45;98909.44;;;7.43;100.00
113;BME280;45999;48.808;9.182;2022-01-01T19:13:14;98915.13;;;7.32;100.00
113;BME280;45999;48.808;9.182;2022-01-01T19:15:46;98915.75;;;7.19;100.00
113;BME280;45999;48.808;9.182;2022-01-01T19:18:18;98913.34;;;7.10;100.00
113;BME280;45999;48.808;9.182;2022-01-01T19:20:46;98914.53;;;7.07;100.00
113;BME280;45999;48.808;9.182;2022-01-01T19:23:16;98913.97;;;6.89;100.00
113;BME280;45999;48.808;9.182;2022-01-01T19:25:48;98903.91;;;6.85;100.00
113;BME280;45999;48.808;9.182;2022-01-01T19:28:15;98906.09;;;6.81;100.00
113;BME280;45999;48.808;9.182;2022-01-01T19:30:42;98902.84;;;6.71;100.00
113;BME280;45999;48.808;9.182;2022-01-01T19:33:09;98906.78;;;6.75;100.00
113;BME280;45999;48.808;9.182;2022-01-01T19:35:39;98891.44;;;6.71;100.00
113;BME280;45999;48.808;9.182;2022-01-01T19:38:07;98891.97;;;6.66;100.00
113;BME280;45999;48.808;9.182;2022-01-01T19:40:35;98887.34;;;6.68;100.00
113;BME280;45999;48.808;9.182;2022-01-01T19:45:37;98879.59;;;6.67;100.00
113;BME280;45999;48.808;9.182;2022-01-01T19:48:16;98876.31;;;6.65;100.00
113;BME280;45999;48.808;9.182;2022-01-01T19:50:44;98870.59;;;6.76;100.00
113;BME280;45999;48.808;9.182;2022-01-01T19:53:12;98885.84;;;6.74;100.00
113;BME280;45999;48.808;9.182;2022-01-01T19:55:39;98871.16;;;6.71;100.00
113;BME280;45999;48.808;9.182;2022-01-01T19:58:08;98872.66;;;6.66;100.00
113;BME280;45999;48.808;9.182;2022-01-01T20:00:35;98868.19;;;6.66;100.00
113;BME280;45999;48.808;9.182;2022-01-01T20:03:03;98863.91;;;6.65;100.00
113;BME280;45999;48.808;9.182;2022-01-01T20:05:30;98870.66;;;6.68;100.00
113;BME280;45999;48.808;9.182;2022-01-01T20:07:56;98864.72;;;6.66;100.00
113;BME280;45999;48.808;9.182;2022-01-01T20:10:23;98860.25;;;6.66;100.00
113;BME280;45999;48.808;9.182;2022-01-01T20:12:51;98857.16;;;6.63;100.00
113;BME280;45999;48.808;9.182;2022-01-01T20:15:21;98854.25;;;6.50;100.00
113;BME280;45999;48.808;9.182;2022-01-01T20:17:49;98854.25;;;6.50;100.00
113;BME280;45999;48.808;9.182;2022-01-01T20:20:16;98850.81;;;6.49;100.00
113;BME280;45999;48.808;9.182;2022-01-01T20:22:42;98862.00;;;6.51;100.00
113;BME280;45999;48.808;9.182;2022-01-01T20:25:09;98865.78;;;6.57;100.00
113;BME280;45999;48.808;9.182;2022-01-01T20:27:35;98865.81;;;6.49;100.00
113;BME280;45999;48.808;9.182;2022-01-01T20:30:04;98865.00;;;6.48;100.00
113;BME280;45999;48.808;9.182;2022-01-01T20:32:31;98871.56;;;6.52;100.00
113;BME280;45999;48.808;9.182;2022-01-01T20:34:57;98869.16;;;6.43;100.00
113;BME280;45999;48.808;9.182;2022-01-01T20:37:23;98860.41;;;6.42;100.00
113;BME280;45999;48.808;9.182;2022-01-01T20:39:50;98858.75;;;6.41;100.00
113;BME280;45999;48.808;9.182;2022-01-01T20:42:17;98861.69;;;6.46;100.00
113;BME280;45999;48.808;9.182;2022-01-01T20:44:44;98851.81;;;6.48;100.00
113;BME280;45999;48.808;9.182;2022-01-01T20:47:12;98862.53;;;6.47;100.00
113;BME280;45999;48.808;9.182;2022-01-01T20:49:39;98871.44;;;6.46;100.00
113;BME280;45999;48.808;9.182;2022-01-01T20:52:06;98868.34;;;6.34;100.00
113;BME280;45999;48.808;9.182;2022-01-01T20:54:33;98875.16;;;6.29;100.00
113;BME280;45999;48.808;9.182;2022-01-01T20:57:00;98871.66;;;6.36;100.00
113;BME280;45999;48.808;9.182;2022-01-01T20:59:27;98871.53;;;6.30;100.00
113;BME280;45999;48.808;9.182;2022-01-01T21:01:59;98866.25;;;6.30;100.00
113;BME280;45999;48.808;9.182;2022-01-01T21:04:27;98867.59;;;6.26;100.00
113;BME280;45999;48.808;9.182;2022-01-01T21:06:54;98868.59;;;6.25;100.00
113;BME280;45999;48.808;9.182;2022-01-01T21:09:22;98866.97;;;6.16;100.00
113;BME280;45999;48.808;9.182;2022-01-01T21:11:52;98871.41;;;6.15;100.00
113;BME280;45999;48.808;9.182;2022-01-01T21:14:22;98861.16;;;6.20;100.00
113;BME280;45999;48.808;9.182;2022-01-01T21:16:50;98853.75;;;6.24;100.00
113;BME280;45999;48.808;9.182;2022-01-01T21:19:20;98845.16;;;6.22;100.00
113;BME280;45999;48.808;9.182;2022-01-01T21:21:49;98848.09;;;6.27;100.00
113;BME280;45999;48.808;9.182;2022-01-01T21:24:16;98842.34;;;6.23;100.00
113;BME280;45999;48.808;9.182;2022-01-01T21:26:42;98843.81;;;6.26;100.00
113;BME280;45999;48.808;9.182;2022-01-01T21:29:09;98837.66;;;6.33;100.00
113;BME280;45999;48.808;9.182;2022-01-01T21:31:35;98831.47;;;6.49;100.00
113;BME280;45999;48.808;9.182;2022-01-01T21:34:02;98832.56;;;6.32;100.00
113;BME280;45999;48.808;9.182;2022-01-01T21:36:29;98833.91;;;6.28;100.00
113;BME280;45999;48.808;9.182;2022-01-01T21:38:55;98830.94;;;6.23;100.00
113;BME280;45999;48.808;9.182;2022-01-01T21:41:21;98836.59;;;6.20;100.00
113;BME280;45999;48.808;9.182;2022-01-01T21:43:48;98827.03;;;6.19;100.00
113;BME280;45999;48.808;9.182;2022-01-01T21:46:15;98840.41;;;6.17;100.00
113;BME280;45999;48.808;9.182;2022-01-01T21:48:42;98842.25;;;6.09;100.00
113;BME280;45999;48.808;9.182;2022-01-01T21:51:08;98841.47;;;5.92;100.00
113;BME280;45999;48.808;9.182;2022-01-01T21:53:34;98833.72;;;5.99;100.00
113;BME280;45999;48.808;9.182;2022-01-01T21:56:01;98833.69;;;6.07;100.00
113;BME280;45999;48.808;9.182;2022-01-01T21:58:27;98831.38;;;6.04;100.00
113;BME280;45999;48.808;9.182;2022-01-01T22:00:56;98841.63;;;5.99;100.00
113;BME280;45999;48.808;9.182;2022-01-01T22:03:23;98831.47;;;5.88;100.00
113;BME280;45999;48.808;9.182;2022-01-01T22:05:50;98825.34;;;5.87;100.00
113;BME280;45999;48.808;9.182;2022-01-01T22:08:16;98827.97;;;5.95;100.00
113;BME280;45999;48.808;9.182;2022-01-01T22:10:43;98825.63;;;6.00;100.00
113;BME280;45999;48.808;9.182;2022-01-01T22:13:10;98826.47;;;6.01;100.00
113;BME280;45999;48.808;9.182;2022-01-01T22:15:36;98827.78;;;5.97;100.00
113;BME280;45999;48.808;9.182;2022-01-01T22:18:03;98824.66;;;5.93;100.00
113;BME280;45999;48.808;9.182;2022-01-01T22:20:29;98828.47;;;5.91;100.00
113;BME280;45999;48.808;9.182;2022-01-01T22:22:56;98833.44;;;5.86;100.00
113;BME280;45999;48.808;9.182;2022-01-01T22:25:23;98836.72;;;5.88;100.00
113;BME280;45999;48.808;9.182;2022-01-01T22:27:49;98828.25;;;6.00;100.00
113;BME280;45999;48.808;9.182;2022-01-01T22:30:17;98829.41;;;6.06;100.00
113;BME280;45999;48.808;9.182;2022-01-01T22:32:44;98837.25;;;6.14;100.00
113;BME280;45999;48.808;9.182;2022-01-01T22:35:10;98834.13;;;6.18;100.00
113;BME280;45999;48.808;9.182;2022-01-01T22:37:36;98826.13;;;5.96;100.00
113;BME280;45999;48.808;9.182;2022-01-01T22:40:03;98830.47;;;5.81;100.00
113;BME280;45999;48.808;9.182;2022-01-01T22:42:30;98828.16;;;5.86;100.00
113;BME280;45999;48.808;9.182;2022-01-01T22:44:56;98839.38;;;5.88;100.00
113;BME280;45999;48.808;9.182;2022-01-01T22:47:23;98830.78;;;5.86;100.00
113;BME280;45999;48.808;9.182;2022-01-01T22:49:49;98828.31;;;5.84;100.00
113;BME280;45999;48.808;9.182;2022-01-01T22:52:16;98830.75;;;5.94;100.00
113;BME280;45999;48.808;9.182;2022-01-01T22:54:42;98812.00;;;5.89;100.00
113;BME280;45999;48.808;9.182;2022-01-01T22:57:08;98800.97;;;5.85;100.00
113;BME280;45999;48.808;9.182;2022-01-01T22:59:35;98806.03;;;5.87;100.00
113;BME280;45999;48.808;9.182;2022-01-01T23:02:04;98815.31;;;5.83;100.00
113;BME280;45999;48.808;9.182;2022-01-01T23:04:32;98812.66;;;5.75;100.00
113;BME280;45999;48.808;9.182;2022-01-01T23:06:59;98811.84;;;5.82;100.00
113;BME280;45999;48.808;9.182;2022-01-01T23:09:25;98803.41;;;5.79;100.00
113;BME280;45999;48.808;9.182;2022-01-01T23:11:52;98799.94;;;5.78;100.00
113;BME280;45999;48.808;9.182;2022-01-01T23:14:18;98791.56;;;5.75;100.00
113;BME280;45999;48.808;9.182;2022-01-01T23:16:48;98787.09;;;5.75;100.00
113;BME280;45999;48.808;9.182;2022-01-01T23:19:22;98780.34;;;5.73;100.00
113;BME280;45999;48.808;9.182;2022-01-01T23:21:49;98787.28;;;5.74;100.00
113;BME280;45999;48.808;9.182;2022-01-01T23:24:17;98790.41;;;5.69;100.00
113;BME280;45999;48.808;9.182;2022-01-01T23:26:48;98774.59;;;5.69;100.00
113;BME280;45999;48.808;9.182;2022-01-01T23:29:19;98769.63;;;5.74;100.00
113;BME280;45999;48.808;9.182;2022-01-01T23:31:52;98773.44;;;5.72;100.00
113;BME280;45999;48.808;9.182;2022-01-01T23:34:20;98767.50;;;5.70;100.00
113;BME280;45999;48.808;9.182;2022-01-01T23:36:54;98765.53;;;5.64;100.00
113;BME280;45999;48.808;9.182;2022-01-01T23:39:22;98763.56;;;5.66;100.00
113;BME280;45999;48.808;9.182;2022-01-01T23:41:51;98756.97;;;5.62;100.00
113;BME280;45999;48.808;9.182;2022-01-01T23:44:18;98762.09;;;5.63;100.00
113;BME280;45999;48.808;9.182;2022-01-01T23:46:45;98758.28;;;5.66;100.00
113;BME280;45999;48.808;9.182;2022-01-01T23:49:18;98753.50;;;5.69;100.00
113;BME280;45999;48.808;9.182;2022-01-01T23:54:30;98764.88;;;5.70;100.00
113;BME280;45999;48.808;9.182;2022-01-01T23:57:02;98762.91;;;5.64;100.00
113;BME280;45999;48.808;9.182;2022-01-01T23:59:44;98757.97;;;5.61;100.00
