sensor_id;sensor_type;location;lat;lon;timestamp;P1;P2;P0
76534;PMS7003;65380;51.22370000;16.16050000;2023-12-24T00:01:07;1;1;1
76534;PMS7003;65380;51.22370000;16.16050000;2023-12-24T00:01:14;1;1;1
76534;PMS7003;65380;51.22370000;16.16050000;2023-12-24T00:04:14;3;1;1
76534;PMS7003;65380;51.22370000;16.16050000;2023-12-24T00:04:22;3;1;1
76534;PMS7003;65380;51.22370000;16.16050000;2023-12-24T00:07:20;0;0;0
76534;PMS7003;65380;51.22370000;16.16050000;2023-12-24T00:07:28;0;0;0
76534;PMS7003;65380;51.22370000;16.16050000;2023-12-24T00:10:27;4;4;3
76534;PMS7003;65380;51.22370000;16.16050000;2023-12-24T00:10:34;4;4;3
76534;PMS7003;65380;51.22370000;16.16050000;2023-12-24T00:13:33;3;3;2
76534;PMS7003;65380;51.22370000;16.16050000;2023-12-24T00:13:43;5;4;2
76534;PMS7003;65380;51.22370000;16.16050000;2023-12-24T00:16:39;3;3;2
76534;PMS7003;65380;51.22370000;16.16050000;2023-12-24T00:16:49;3;3;2
76534;PMS7003;65380;51.22370000;16.16050000;2023-12-24T00:19:47;11;3;2
76534;PMS7003;65380;51.22370000;16.16050000;2023-12-24T00:19:54;11;3;2
76534;PMS7003;65380;51.22370000;16.16050000;2023-12-24T00:23:05;7;3;3
76534;PMS7003;65380;51.22370000;16.16050000;2023-12-24T00:23:12;7;3;3
76534;PMS7003;65380;51.22370000;16.16050000;2023-12-24T00:26:13;3;3;2
76534;PMS7003;65380;51.22370000;16.16050000;2023-12-24T00:26:19;3;3;2
76534;PMS7003;65380;51.22370000;16.16050000;2023-12-24T00:29:19;1;1;1
76534;PMS7003;65380;51.22370000;16.16050000;2023-12-24T00:29:25;1;1;1
76534;PMS7003;65380;51.22370000;16.16050000;2023-12-24T00:32:25;2;2;2
76534;PMS7003;65380;51.22370000;16.16050000;2023-12-24T00:32:31;2;2;2
76534;PMS7003;65380;51.22370000;16.16050000;2023-12-24T00:35:32;12;2;1
76534;PMS7003;65380;51.22370000;16.16050000;2023-12-24T00:35:39;12;2;1
76534;PMS7003;65380;51.22370000;16.16050000;2023-12-24T00:38:40;1;1;0
76534;PMS7003;65380;51.22370000;16.16050000;2023-12-24T00:38:46;1;1;0
76534;PMS7003;65380;51.22370000;16.16050000;2023-12-24T00:41:46;0;0;0
76534;PMS7003;65380;51.22370000;16.16050000;2023-12-24T00:41:53;0;0;0
76534;PMS7003;65380;51.22370000;16.16050000;2023-12-24T00:44:52;0;0;0
76534;PMS7003;65380;51.22370000;16.16050000;2023-12-24T00:44:59;0;0;0
76534;PMS7003;65380;51.22370000;16.16050000;2023-12-24T00:47:58;18;7;5
76534;PMS7003;65380;51.22370000;16.16050000;2023-12-24T00:48:08;9;9;6
76534;PMS7003;65380;51.22370000;16.16050000;2023-12-24T00:51:04;9;9;4
76534;PMS7003;65380;51.22370000;16.16050000;2023-12-24T00:51:15;9;9;4
76534;PMS7003;65380;51.22370000;16.16050000;2023-12-24T00:54:11;11;8;6
76534;PMS7003;65380;51.22370000;16.16050000;2023-12-24T00:54:21;11;8;6
76534;PMS7003;65380;51.22370000;16.16050000;2023-12-24T00:57:18;12;12;5
76534;PMS7003;65380;51.22370000;16.16050000;2023-12-24T00:57:26;12;12;5
76534;PMS7003;65380;51.22370000;16.16050000;2023-12-24T01:00:25;10;9;6
76534;PMS7003;65380;51.22370000;16.16050000;2023-12-24T01:00:32;10;9;6
76534;PMS7003;65380;51.22370000;16.16050000;2023-12-24T01:03:31;1;1;1
76534;PMS7003;65380;51.22370000;16.16050000;2023-12-24T01:03:38;1;1;1
76534;PMS7003;65380;51.22370000;16.16050000;2023-12-24T01:06:37;5;5;3
76534;PMS7003;65380;51.22370000;16.16050000;2023-12-24T01:06:44;5;5;3
76534;PMS7003;65380;51.22370000;16.16050000;2023-12-24T01:09:43;7;7;3
76534;PMS7003;65380;51.22370000;16.16050000;2023-12-24T01:09:50;7;7;3
76534;PMS7003;65380;51.22370000;16.16050000;2023-12-24T01:12:52;3;0;0
76534;PMS7003;65380;51.22370000;16.16050000;2023-12-24T01:12:57;3;0;0
76534;PMS7003;65380;51.22370000;16.16050000;2023-12-24T01:15:59;0;0;0
76534;PMS7003;65380;51.22370000;16.16050000;2023-12-24T01:16:06;0;0;0
76534;PMS7003;65380;51.22370000;16.16050000;2023-12-24T01:19:07;1;1;1
76534;PMS7003;65380;51.22370000;16.16050000;2023-12-24T01:19:13;1;1;1
76534;PMS7003;65380;51.22370000;16.16050000;2023-12-24T01:22:13;8;8;7
76534;PMS7003;65380;51.22370000;16.16050000;2023-12-24T01:22:19;8;8;7
76534;PMS7003;65380;51.22370000;16.16050000;2023-12-24T01:25:19;6;3;2
76534;PMS7003;65380;51.22370000;16.16050000;2023-12-24T01:25:25;6;3;2
76534;PMS7003;65380;51.22370000;16.16050000;2023-12-24T01:28:26;3;3;3
76534;PMS7003;65380;51.22370000;16.16050000;2023-12-24T01:28:31;3;3;3
76534;PMS7003;65380;51.22370000;16.16050000;2023-12-24T01:31:32;1;1;0
76534;PMS7003;65380;51.22370000;16.16050000;2023-12-24T01:31:38;1;1;0
76534;PMS7003;65380;51.22370000;16.16050000;2023-12-24T01:34:38;1;1;1
76534;PMS7003;65380;51.22370000;16.16050000;2023-12-24T01:34:44;1;1;1
76534;PMS7003;65380;51.22370000;16.16050000;2023-12-24T01:37:44;0;0;0
76534;PMS7003;65380;51.22370000;16.16050000;2023-12-24T01:37:50;0;0;0
76534;PMS7003;65380;51.22370000;16.16050000;2023-12-24T01:40:50;0;0;0
76534;PMS7003;65380;51.22370000;16.16050000;2023-12-24T01:40:56;0;0;0
76534;PMS7003;65380;51.22370000;16.16050000;2023-12-24T01:43:57;10;5;3
76534;PMS7003;65380;51.22370000;16.16050000;2023-12-24T01:44:03;10;5;3
76534;PMS7003;65380;51.22370000;16.16050000;2023-12-24T01:47:03;3;3;0
76534;PMS7003;65380;51.22370000;16.16050000;2023-12-24T01:47:09;3;3;0
76534;PMS7003;65380;51.22370000;16.16050000;2023-12-24T01:50:10;9;9;5
76534;PMS7003;65380;51.22370000;16.16050000;2023-12-24T01:50:16;9;9;5
76534;PMS7003;65380;51.22370000;16.16050000;2023-12-24T01:53:16;5;5;3
76534;PMS7003;65380;51.22370000;16.16050000;2023-12-24T01:53:23;5;5;3
76534;PMS7003;65380;51.22370000;16.16050000;2023-12-24T01:56:23;6;3;3
76534;PMS7003;65380;51.22370000;16.16050000;2023-12-24T01:56:31;6;3;3
76534;PMS7003;65380;51.22370000;16.16050000;2023-12-24T01:59:31;2;2;2
76534;PMS7003;65380;51.22370000;16.16050000;2023-12-24T01:59:38;2;2;2
76534;PMS7003;65380;51.22370000;16.16050000;2023-12-24T02:02:39;3;1;0
76534;PMS7003;65380;51.22370000;16.16050000;2023-12-24T02:02:45;3;1;0
76534;PMS7003;65380;51.22370000;16.16050000;2023-12-24T02:05:50;6;6;4
76534;PMS7003;65380;51.22370000;16.16050000;2023-12-24T02:05:54;6;6;4
76534;PMS7003;65380;51.22370000;16.16050000;2023-12-24T02:08:58;5;1;1
76534;PMS7003;65380;51.22370000;16.16050000;2023-12-24T02:09:02;5;1;1
76534;PMS7003;65380;51.22370000;16.16050000;2023-12-24T02:12:02;6;2;1
76534;PMS7003;65380;51.22370000;16.16050000;2023-12-24T02:12:08;6;2;1
76534;PMS7003;65380;51.22370000;16.16050000;2023-12-24T02:15:08;5;1;0
76534;PMS7003;65380;51.22370000;16.16050000;2023-12-24T02:15:14;5;1;0
76534;PMS7003;65380;51.22370000;16.16050000;2023-12-24T02:18:15;17;9;4
76534;PMS7003;65380;51.22370000;16.16050000;2023-12-24T02:18:21;17;9;4
76534;PMS7003;65380;51.22370000;16.16050000;2023-12-24T02:21:21;6;6;3
76534;PMS7003;65380;51.22370000;16.16050000;2023-12-24T02:21:27;6;6;3
76534;PMS7003;65380;51.22370000;16.16050000;2023-12-24T02:24:27;7;6;4
76534;PMS7003;65380;51.22370000;16.16050000;2023-12-24T02:24:33;7;6;4
76534;PMS7003;65380;51.22370000;16.16050000;2023-12-24T02:27:39;2;2;1
76534;PMS7003;65380;51.22370000;16.16050000;2023-12-24T02:30:51;3;3;2
76534;PMS7003;65380;51.22370000;16.16050000;2023-12-24T02:31:12;3;3;2
76534;PMS7003;65380;51.22370000;16.16050000;2023-12-24T02:33:59;8;1;1
76534;PMS7003;65380;51.22370000;16.16050000;2023-12-24T02:34:21;8;1;1
76534;PMS7003;65380;51.22370000;16.16050000;2023-12-24T02:37:06;0;0;0
76534;PMS7003;65380;51.22370000;16.16050000;2023-12-24T02:37:27;0;0;0
76534;PMS7003;65380;51.22370000;16.16050000;2023-12-24T02:40:18;1;1;0
76534;PMS7003;65380;51.22370000;16.16050000;2023-12-24T02:40:33;1;1;0
76534;PMS7003;65380;51.22370000;16.16050000;2023-12-24T02:43:24;2;2;0
76534;PMS7003;65380;51.22370000;16.16050000;2023-12-24T02:43:39;0;0;0
76534;PMS7003;65380;51.22370000;16.16050000;2023-12-24T02:46:30;0;0;0
76534;PMS7003;65380;51.22370000;16.16050000;2023-12-24T02:46:47;2;2;2
76534;PMS7003;65380;51.22370000;16.16050000;2023-12-24T02:49:36;0;0;0
76534;PMS7003;65380;51.22370000;16.16050000;2023-12-24T02:49:53;0;0;0
76534;PMS7003;65380;51.22370000;16.16050000;2023-12-24T02:52:42;0;0;0
76534;PMS7003;65380;51.22370000;16.16050000;2023-12-24T02:52:59;0;0;0
76534;PMS7003;65380;51.22370000;16.16050000;2023-12-24T02:55:50;1;1;1
76534;PMS7003;65380;51.22370000;16.16050000;2023-12-24T02:56:05;1;1;1
76534;PMS7003;65380;51.22370000;16.16050000;2023-12-24T02:58:56;1;1;1
76534;PMS7003;65380;51.22370000;16.16050000;2023-12-24T02:59:10;1;1;1
76534;PMS7003;65380;51.22370000;16.16050000;2023-12-24T03:02:02;2;2;0
76534;PMS7003;65380;51.22370000;16.16050000;2023-12-24T03:02:16;2;2;0
76534;PMS7003;65380;51.22370000;16.16050000;2023-12-24T03:05:08;3;3;2
76534;PMS7003;65380;51.22370000;16.16050000;2023-12-24T03:05:22;3;3;2
76534;PMS7003;65380;51.22370000;16.16050000;2023-12-24T03:08:17;0;0;0
76534;PMS7003;65380;51.22370000;16.16050000;2023-12-24T03:08:29;0;0;0
76534;PMS7003;65380;51.22370000;16.16050000;2023-12-24T03:11:23;1;1;1
76534;PMS7003;65380;51.22370000;16.16050000;2023-12-24T03:11:34;1;0;0
76534;PMS7003;65380;51.22370000;16.16050000;2023-12-24T03:14:29;2;1;1
76534;PMS7003;65380;51.22370000;16.16050000;2023-12-24T03:14:40;2;1;1
76534;PMS7003;65380;51.22370000;16.16050000;2023-12-24T03:17:35;2;0;0
76534;PMS7003;65380;51.22370000;16.16050000;2023-12-24T03:17:46;2;0;0
76534;PMS7003;65380;51.22370000;16.16050000;2023-12-24T03:20:42;0;0;0
76534;PMS7003;65380;51.22370000;16.16050000;2023-12-24T03:20:52;0;0;0
76534;PMS7003;65380;51.22370000;16.16050000;2023-12-24T03:23:48;0;0;0
76534;PMS7003;65380;51.22370000;16.16050000;2023-12-24T03:23:57;0;0;0
76534;PMS7003;65380;51.22370000;16.16050000;2023-12-24T03:26:54;4;4;1
76534;PMS7003;65380;51.22370000;16.16050000;2023-12-24T03:27:03;4;4;1
76534;PMS7003;65380;51.22370000;16.16050000;2023-12-24T03:30:01;0;0;0
76534;PMS7003;65380;51.22370000;16.16050000;2023-12-24T03:30:09;0;0;0
76534;PMS7003;65380;51.22370000;16.16050000;2023-12-24T03:33:07;0;0;0
76534;PMS7003;65380;51.22370000;16.16050000;2023-12-24T03:33:15;0;0;0
76534;PMS7003;65380;51.22370000;16.16050000;2023-12-24T03:36:17;0;0;0
76534;PMS7003;65380;51.22370000;16.16050000;2023-12-24T03:36:23;0;0;0
76534;PMS7003;65380;51.22370000;16.16050000;2023-12-24T03:39:23;0;0;0
76534;PMS7003;65380;51.22370000;16.16050000;2023-12-24T03:39:29;0;0;0
76534;PMS7003;65380;51.22370000;16.16050000;2023-12-24T03:42:29;0;0;0
76534;PMS7003;65380;51.22370000;16.16050000;2023-12-24T03:42:35;0;0;0
76534;PMS7003;65380;51.22370000;16.16050000;2023-12-24T03:45:35;0;0;0
76534;PMS7003;65380;51.22370000;16.16050000;2023-12-24T03:45:41;0;0;0
76534;PMS7003;65380;51.22370000;16.16050000;2023-12-24T03:48:41;0;0;0
76534;PMS7003;65380;51.22370000;16.16050000;2023-12-24T03:48:47;0;0;0
76534;PMS7003;65380;51.22370000;16.16050000;2023-12-24T03:51:48;4;0;0
76534;PMS7003;65380;51.22370000;16.16050000;2023-12-24T03:51:54;4;0;0
76534;PMS7003;65380;51.22370000;16.16050000;2023-12-24T03:54:54;0;0;0
76534;PMS7003;65380;51.22370000;16.16050000;2023-12-24T03:55:00;0;0;0
76534;PMS7003;65380;51.22370000;16.16050000;2023-12-24T03:58:00;0;0;0
76534;PMS7003;65380;51.22370000;16.16050000;2023-12-24T03:58:06;0;0;0
76534;PMS7003;65380;51.22370000;16.16050000;2023-12-24T04:01:07;0;0;0
76534;PMS7003;65380;51.22370000;16.16050000;2023-12-24T04:01:14;0;0;0
76534;PMS7003;65380;51.22370000;16.16050000;2023-12-24T04:04:14;0;0;0
76534;PMS7003;65380;51.22370000;16.16050000;2023-12-24T04:04:20;0;0;0
76534;PMS7003;65380;51.22370000;16.16050000;2023-12-24T04:07:20;0;0;0
76534;PMS7003;65380;51.22370000;16.16050000;2023-12-24T04:07:26;0;0;0
76534;PMS7003;65380;51.22370000;16.16050000;2023-12-24T04:10:27;3;2;1
76534;PMS7003;65380;51.22370000;16.16050000;2023-12-24T04:10:32;3;2;1
76534;PMS7003;65380;51.22370000;16.16050000;2023-12-24T04:13:33;0;0;0
76534;PMS7003;65380;51.22370000;16.16050000;2023-12-24T04:13:40;0;0;0
76534;PMS7003;65380;51.22370000;16.16050000;2023-12-24T04:16:39;0;0;0
76534;PMS7003;65380;51.22370000;16.16050000;2023-12-24T04:16:46;0;0;0
76534;PMS7003;65380;51.22370000;16.16050000;2023-12-24T04:19:45;8;1;0
76534;PMS7003;65380;51.22370000;16.16050000;2023-12-24T04:19:52;8;1;0
76534;PMS7003;65380;51.22370000;16.16050000;2023-12-24T04:22:51;0;0;0
76534;PMS7003;65380;51.22370000;16.16050000;2023-12-24T04:22:57;0;0;0
76534;PMS7003;65380;51.22370000;16.16050000;2023-12-24T04:25:57;1;1;0
76534;PMS7003;65380;51.22370000;16.16050000;2023-12-24T04:26:03;1;1;0
76534;PMS7003;65380;51.22370000;16.16050000;2023-12-24T04:29:03;0;0;0
76534;PMS7003;65380;51.22370000;16.16050000;2023-12-24T04:29:09;0;0;0
76534;PMS7003;65380;51.22370000;16.16050000;2023-12-24T04:32:10;0;0;0
76534;PMS7003;65380;51.22370000;16.16050000;2023-12-24T04:32:17;0;0;0
76534;PMS7003;65380;51.22370000;16.16050000;2023-12-24T04:35:17;0;0;0
76534;PMS7003;65380;51.22370000;16.16050000;2023-12-24T04:35:25;0;0;0
76534;PMS7003;65380;51.22370000;16.16050000;2023-12-24T04:38:24;0;0;0
76534;PMS7003;65380;51.22370000;16.16050000;2023-12-24T04:38:30;0;0;0
76534;PMS7003;65380;51.22370000;16.16050000;2023-12-24T04:41:31;0;0;0
76534;PMS7003;65380;51.22370000;16.16050000;2023-12-24T04:41:37;0;0;0
76534;PMS7003;65380;51.22370000;16.16050000;2023-12-24T04:44:37;0;0;0
76534;PMS7003;65380;51.22370000;16.16050000;2023-12-24T04:44:44;0;0;0
76534;PMS7003;65380;51.22370000;16.16050000;2023-12-24T04:47:44;0;0;0
76534;PMS7003;65380;51.22370000;16.16050000;2023-12-24T04:47:50;0;0;0
76534;PMS7003;65380;51.22370000;16.16050000;2023-12-24T04:50:51;1;0;0
76534;PMS7003;65380;51.22370000;16.16050000;2023-12-24T04:50:58;1;0;0
76534;PMS7003;65380;51.22370000;16.16050000;2023-12-24T04:53:59;0;0;0
76534;PMS7003;65380;51.22370000;16.16050000;2023-12-24T04:54:05;0;0;0
76534;PMS7003;65380;51.22370000;16.16050000;2023-12-24T04:57:05;0;0;0
76534;PMS7003;65380;51.22370000;16.16050000;2023-12-24T04:57:11;0;0;0
76534;PMS7003;65380;51.22370000;16.16050000;2023-12-24T05:00:12;0;0;0
76534;PMS7003;65380;51.22370000;16.16050000;2023-12-24T05:00:18;0;0;0
76534;PMS7003;65380;51.22370000;16.16050000;2023-12-24T05:03:18;0;0;0
76534;PMS7003;65380;51.22370000;16.16050000;2023-12-24T05:03:24;0;0;0
76534;PMS7003;65380;51.22370000;16.16050000;2023-12-24T05:06:27;0;0;0
76534;PMS7003;65380;51.22370000;16.16050000;2023-12-24T05:06:34;0;0;0
76534;PMS7003;65380;51.22370000;16.16050000;2023-12-24T05:09:35;0;0;0
76534;PMS7003;65380;51.22370000;16.16050000;2023-12-24T05:09:41;0;0;0
76534;PMS7003;65380;51.22370000;16.16050000;2023-12-24T05:12:41;0;0;0
76534;PMS7003;65380;51.22370000;16.16050000;2023-12-24T05:12:47;0;0;0
76534;PMS7003;65380;51.22370000;16.16050000;2023-12-24T05:15:47;2;0;0
76534;PMS7003;65380;51.22370000;16.16050000;2023-12-24T05:15:53;2;0;0
76534;PMS7003;65380;51.22370000;16.16050000;2023-12-24T05:18:53;0;0;0
76534;PMS7003;65380;51.22370000;16.16050000;2023-12-24T05:18:59;0;0;0
76534;PMS7003;65380;51.22370000;16.16050000;2023-12-24T05:22:01;0;0;0
76534;PMS7003;65380;51.22370000;16.16050000;2023-12-24T05:22:07;0;0;0
76534;PMS7003;65380;51.22370000;16.16050000;2023-12-24T05:25:07;0;0;0
76534;PMS7003;65380;51.22370000;16.16050000;2023-12-24T05:25:13;0;0;0
76534;PMS7003;65380;51.22370000;16.16050000;2023-12-24T05:28:13;1;1;1
76534;PMS7003;65380;51.22370000;16.16050000;2023-12-24T05:28:23;1;1;1
76534;PMS7003;65380;51.22370000;16.16050000;2023-12-24T05:31:24;0;0;0
76534;PMS7003;65380;51.22370000;16.16050000;2023-12-24T05:31:30;0;0;0
76534;PMS7003;65380;51.22370000;16.16050000;2023-12-24T05:34:30;0;0;0
76534;PMS7003;65380;51.22370000;16.16050000;2023-12-24T05:34:36;0;0;0
76534;PMS7003;65380;51.22370000;16.16050000;2023-12-24T05:37:36;0;0;0
76534;PMS7003;65380;51.22370000;16.16050000;2023-12-24T05:37:42;0;0;0
76534;PMS7003;65380;51.22370000;16.16050000;2023-12-24T05:40:42;0;0;0
76534;PMS7003;65380;51.22370000;16.16050000;2023-12-24T05:40:48;0;0;0
76534;PMS7003;65380;51.22370000;16.16050000;2023-12-24T05:43:48;0;0;0
76534;PMS7003;65380;51.22370000;16.16050000;2023-12-24T05:43:54;0;0;0
76534;PMS7003;65380;51.22370000;16.16050000;2023-12-24T05:46:55;0;0;0
76534;PMS7003;65380;51.22370000;16.16050000;2023-12-24T05:47:00;0;0;0
76534;PMS7003;65380;51.22370000;16.16050000;2023-12-24T05:50:07;1;1;1
76534;PMS7003;65380;51.22370000;16.16050000;2023-12-24T05:50:13;1;1;1
76534;PMS7003;65380;51.22370000;16.16050000;2023-12-24T05:53:16;0;0;0
76534;PMS7003;65380;51.22370000;16.16050000;2023-12-24T05:53:22;0;0;0
76534;PMS7003;65380;51.22370000;16.16050000;2023-12-24T05:56:22;2;2;2
76534;PMS7003;65380;51.22370000;16.16050000;2023-12-24T05:56:28;2;2;2
76534;PMS7003;65380;51.22370000;16.16050000;2023-12-24T05:59:28;0;0;0
76534;PMS7003;65380;51.22370000;16.16050000;2023-12-24T05:59:34;0;0;0
76534;PMS7003;65380;51.22370000;16.16050000;2023-12-24T06:02:35;0;0;0
76534;PMS7003;65380;51.22370000;16.16050000;2023-12-24T06:02:41;0;0;0
76534;PMS7003;65380;51.22370000;16.16050000;2023-12-24T06:05:41;1;1;0
76534;PMS7003;65380;51.22370000;16.16050000;2023-12-24T06:05:47;1;1;0
76534;PMS7003;65380;51.22370000;16.16050000;2023-12-24T06:08:47;0;0;0
76534;PMS7003;65380;51.22370000;16.16050000;2023-12-24T06:08:53;0;0;0
76534;PMS7003;65380;51.22370000;16.16050000;2023-12-24T06:11:53;0;0;0
76534;PMS7003;65380;51.22370000;16.16050000;2023-12-24T06:11:59;0;0;0
76534;PMS7003;65380;51.22370000;16.16050000;2023-12-24T06:14:59;1;0;0
76534;PMS7003;65380;51.22370000;16.16050000;2023-12-24T06:15:06;1;0;0
76534;PMS7003;65380;51.22370000;16.16050000;2023-12-24T06:18:06;0;0;0
76534;PMS7003;65380;51.22370000;16.16050000;2023-12-24T06:18:14;0;0;0
76534;PMS7003;65380;51.22370000;16.16050000;2023-12-24T06:21:19;0;0;0
76534;PMS7003;65380;51.22370000;16.16050000;2023-12-24T06:21:25;0;0;0
76534;PMS7003;65380;51.22370000;16.16050000;2023-12-24T06:24:26;0;0;0
76534;PMS7003;65380;51.22370000;16.16050000;2023-12-24T06:24:31;0;0;0
76534;PMS7003;65380;51.22370000;16.16050000;2023-12-24T06:27:32;0;0;0
76534;PMS7003;65380;51.22370000;16.16050000;2023-12-24T06:27:39;0;0;0
76534;PMS7003;65380;51.22370000;16.16050000;2023-12-24T06:30:40;0;0;0
76534;PMS7003;65380;51.22370000;16.16050000;2023-12-24T06:30:46;0;0;0
76534;PMS7003;65380;51.22370000;16.16050000;2023-12-24T06:33:46;1;1;0
76534;PMS7003;65380;51.22370000;16.16050000;2023-12-24T06:33:52;1;1;0
76534;PMS7003;65380;51.22370000;16.16050000;2023-12-24T06:36:52;0;0;0
76534;PMS7003;65380;51.22370000;16.16050000;2023-12-24T06:36:58;0;0;0
76534;PMS7003;65380;51.22370000;16.16050000;2023-12-24T06:39:58;0;0;0
76534;PMS7003;65380;51.22370000;16.16050000;2023-12-24T06:40:04;0;0;0
76534;PMS7003;65380;51.22370000;16.16050000;2023-12-24T06:43:04;0;0;0
76534;PMS7003;65380;51.22370000;16.16050000;2023-12-24T06:43:12;0;0;0
76534;PMS7003;65380;51.22370000;16.16050000;2023-12-24T06:46:12;0;0;0
76534;PMS7003;65380;51.22370000;16.16050000;2023-12-24T06:46:18;0;0;0
76534;PMS7003;65380;51.22370000;16.16050000;2023-12-24T06:49:22;1;0;0
76534;PMS7003;65380;51.22370000;16.16050000;2023-12-24T06:49:28;1;0;0
76534;PMS7003;65380;51.22370000;16.16050000;2023-12-24T06:52:28;0;0;0
76534;PMS7003;65380;51.22370000;16.16050000;2023-12-24T06:52:34;0;0;0
76534;PMS7003;65380;51.22370000;16.16050000;2023-12-24T06:55:34;1;1;0
76534;PMS7003;65380;51.22370000;16.16050000;2023-12-24T06:55:40;1;1;0
76534;PMS7003;65380;51.22370000;16.16050000;2023-12-24T06:58:40;0;0;0
76534;PMS7003;65380;51.22370000;16.16050000;2023-12-24T06:58:46;0;0;0
76534;PMS7003;65380;51.22370000;16.16050000;2023-12-24T07:01:46;0;0;0
76534;PMS7003;65380;51.22370000;16.16050000;2023-12-24T07:01:52;0;0;0
76534;PMS7003;65380;51.22370000;16.16050000;2023-12-24T07:04:52;1;1;0
76534;PMS7003;65380;51.22370000;16.16050000;2023-12-24T07:04:58;1;1;0
76534;PMS7003;65380;51.22370000;16.16050000;2023-12-24T07:07:58;0;0;0
76534;PMS7003;65380;51.22370000;16.16050000;2023-12-24T07:08:04;0;0;0
76534;PMS7003;65380;51.22370000;16.16050000;2023-12-24T07:11:04;3;1;1
76534;PMS7003;65380;51.22370000;16.16050000;2023-12-24T07:11:12;3;1;1
76534;PMS7003;65380;51.22370000;16.16050000;2023-12-24T07:14:11;0;0;0
76534;PMS7003;65380;51.22370000;16.16050000;2023-12-24T07:14:18;0;0;0
76534;PMS7003;65380;51.22370000;16.16050000;2023-12-24T07:17:17;2;2;0
76534;PMS7003;65380;51.22370000;16.16050000;2023-12-24T07:17:27;0;0;0
76534;PMS7003;65380;51.22370000;16.16050000;2023-12-24T07:20:23;0;0;0
76534;PMS7003;65380;51.22370000;16.16050000;2023-12-24T07:20:33;0;0;0
76534;PMS7003;65380;51.22370000;16.16050000;2023-12-24T07:23:29;1;1;0
76534;PMS7003;65380;51.22370000;16.16050000;2023-12-24T07:23:39;1;1;0
76534;PMS7003;65380;51.22370000;16.16050000;2023-12-24T07:26:35;8;2;2
76534;PMS7003;65380;51.22370000;16.16050000;2023-12-24T07:26:47;8;2;2
76534;PMS7003;65380;51.22370000;16.16050000;2023-12-24T07:29:41;0;0;0
76534;PMS7003;65380;51.22370000;16.16050000;2023-12-24T07:29:53;0;0;0
76534;PMS7003;65380;51.22370000;16.16050000;2023-12-24T07:32:47;3;3;2
76534;PMS7003;65380;51.22370000;16.16050000;2023-12-24T07:32:58;3;3;2
76534;PMS7003;65380;51.22370000;16.16050000;2023-12-24T07:35:54;4;4;4
76534;PMS7003;65380;51.22370000;16.16050000;2023-12-24T07:36:05;4;4;4
76534;PMS7003;65380;51.22370000;16.16050000;2023-12-24T07:38:59;10;7;4
76534;PMS7003;65380;51.22370000;16.16050000;2023-12-24T07:39:11;10;7;4
76534;PMS7003;65380;51.22370000;16.16050000;2023-12-24T07:42:06;4;4;4
76534;PMS7003;65380;51.22370000;16.16050000;2023-12-24T07:42:17;4;4;4
76534;PMS7003;65380;51.22370000;16.16050000;2023-12-24T07:45:12;8;8;6
76534;PMS7003;65380;51.22370000;16.16050000;2023-12-24T07:45:23;8;8;6
76534;PMS7003;65380;51.22370000;16.16050000;2023-12-24T07:48:19;5;5;3
76534;PMS7003;65380;51.22370000;16.16050000;2023-12-24T07:48:29;5;5;3
76534;PMS7003;65380;51.22370000;16.16050000;2023-12-24T07:51:25;3;3;2
76534;PMS7003;65380;51.22370000;16.16050000;2023-12-24T07:51:35;3;3;2
76534;PMS7003;65380;51.22370000;16.16050000;2023-12-24T07:54:31;6;2;2
76534;PMS7003;65380;51.22370000;16.16050000;2023-12-24T07:54:40;6;2;2
76534;PMS7003;65380;51.22370000;16.16050000;2023-12-24T07:57:37;6;5;4
76534;PMS7003;65380;51.22370000;16.16050000;2023-12-24T07:57:46;6;5;4
76534;PMS7003;65380;51.22370000;16.16050000;2023-12-24T08:00:43;9;7;3
76534;PMS7003;65380;51.22370000;16.16050000;2023-12-24T08:00:52;9;7;3
76534;PMS7003;65380;51.22370000;16.16050000;2023-12-24T08:03:49;7;6;5
76534;PMS7003;65380;51.22370000;16.16050000;2023-12-24T08:03:58;7;6;5
76534;PMS7003;65380;51.22370000;16.16050000;2023-12-24T08:06:55;14;6;6
76534;PMS7003;65380;51.22370000;16.16050000;2023-12-24T08:07:06;3;3;2
76534;PMS7003;65380;51.22370000;16.16050000;2023-12-24T08:10:02;8;8;6
76534;PMS7003;65380;51.22370000;16.16050000;2023-12-24T08:10:12;8;8;6
76534;PMS7003;65380;51.22370000;16.16050000;2023-12-24T08:13:08;8;6;4
76534;PMS7003;65380;51.22370000;16.16050000;2023-12-24T08:13:18;8;6;4
76534;PMS7003;65380;51.22370000;16.16050000;2023-12-24T08:16:14;7;7;5
76534;PMS7003;65380;51.22370000;16.16050000;2023-12-24T08:16:23;7;7;5
76534;PMS7003;65380;51.22370000;16.16050000;2023-12-24T08:19:20;7;6;3
76534;PMS7003;65380;51.22370000;16.16050000;2023-12-24T08:19:29;7;6;3
76534;PMS7003;65380;51.22370000;16.16050000;2023-12-24T08:22:26;2;2;2
76534;PMS7003;65380;51.22370000;16.16050000;2023-12-24T08:22:36;2;2;2
76534;PMS7003;65380;51.22370000;16.16050000;2023-12-24T08:25:32;4;3;1
76534;PMS7003;65380;51.22370000;16.16050000;2023-12-24T08:25:42;4;3;1
76534;PMS7003;65380;51.22370000;16.16050000;2023-12-24T08:28:38;4;4;4
76534;PMS7003;65380;51.22370000;16.16050000;2023-12-24T08:28:48;4;4;4
76534;PMS7003;65380;51.22370000;16.16050000;2023-12-24T08:31:44;1;1;1
76534;PMS7003;65380;51.22370000;16.16050000;2023-12-24T08:31:54;7;4;2
76534;PMS7003;65380;51.22370000;16.16050000;2023-12-24T08:34:50;4;4;2
76534;PMS7003;65380;51.22370000;16.16050000;2023-12-24T08:35:01;4;4;2
76534;PMS7003;65380;51.22370000;16.16050000;2023-12-24T08:37:56;5;5;3
76534;PMS7003;65380;51.22370000;16.16050000;2023-12-24T08:38:08;5;5;3
76534;PMS7003;65380;51.22370000;16.16050000;2023-12-24T08:41:02;6;6;5
76534;PMS7003;65380;51.22370000;16.16050000;2023-12-24T08:41:14;6;6;5
76534;PMS7003;65380;51.22370000;16.16050000;2023-12-24T08:44:08;7;7;6
76534;PMS7003;65380;51.22370000;16.16050000;2023-12-24T08:44:19;7;7;6
76534;PMS7003;65380;51.22370000;16.16050000;2023-12-24T08:47:14;16;16;12
76534;PMS7003;65380;51.22370000;16.16050000;2023-12-24T08:47:25;16;16;12
76534;PMS7003;65380;51.22370000;16.16050000;2023-12-24T08:50:21;7;7;6
76534;PMS7003;65380;51.22370000;16.16050000;2023-12-24T08:50:31;7;7;6
76534;PMS7003;65380;51.22370000;16.16050000;2023-12-24T08:53:27;15;15;7
76534;PMS7003;65380;51.22370000;16.16050000;2023-12-24T08:53:37;15;15;7
76534;PMS7003;65380;51.22370000;16.16050000;2023-12-24T08:56:33;23;21;15
76534;PMS7003;65380;51.22370000;16.16050000;2023-12-24T08:56:44;15;15;12
76534;PMS7003;65380;51.22370000;16.16050000;2023-12-24T08:59:39;8;7;7
76534;PMS7003;65380;51.22370000;16.16050000;2023-12-24T08:59:50;8;7;7
76534;PMS7003;65380;51.22370000;16.16050000;2023-12-24T09:02:46;21;16;11
76534;PMS7003;65380;51.22370000;16.16050000;2023-12-24T09:02:55;21;16;11
76534;PMS7003;65380;51.22370000;16.16050000;2023-12-24T09:05:53;11;11;5
76534;PMS7003;65380;51.22370000;16.16050000;2023-12-24T09:06:01;11;11;5
76534;PMS7003;65380;51.22370000;16.16050000;2023-12-24T09:08:59;18;13;8
76534;PMS7003;65380;51.22370000;16.16050000;2023-12-24T09:09:07;18;13;8
76534;PMS7003;65380;51.22370000;16.16050000;2023-12-24T09:12:05;12;12;10
76534;PMS7003;65380;51.22370000;16.16050000;2023-12-24T09:12:14;12;12;10
76534;PMS7003;65380;51.22370000;16.16050000;2023-12-24T09:15:11;6;5;5
76534;PMS7003;65380;51.22370000;16.16050000;2023-12-24T09:15:20;6;5;5
76534;PMS7003;65380;51.22370000;16.16050000;2023-12-24T09:18:18;10;10;6
76534;PMS7003;65380;51.22370000;16.16050000;2023-12-24T09:18:26;10;10;6
76534;PMS7003;65380;51.22370000;16.16050000;2023-12-24T09:21:27;9;9;4
76534;PMS7003;65380;51.22370000;16.16050000;2023-12-24T09:21:33;9;9;4
76534;PMS7003;65380;51.22370000;16.16050000;2023-12-24T09:24:33;6;6;5
76534;PMS7003;65380;51.22370000;16.16050000;2023-12-24T09:24:39;6;6;5
76534;PMS7003;65380;51.22370000;16.16050000;2023-12-24T09:27:40;11;10;8
76534;PMS7003;65380;51.22370000;16.16050000;2023-12-24T09:27:46;11;10;8
76534;PMS7003;65380;51.22370000;16.16050000;2023-12-24T09:30:46;0;0;0
76534;PMS7003;65380;51.22370000;16.16050000;2023-12-24T09:30:52;0;0;0
76534;PMS7003;65380;51.22370000;16.16050000;2023-12-24T09:33:52;4;4;4
76534;PMS7003;65380;51.22370000;16.16050000;2023-12-24T09:33:58;4;4;4
76534;PMS7003;65380;51.22370000;16.16050000;2023-12-24T09:36:58;2;2;1
76534;PMS7003;65380;51.22370000;16.16050000;2023-12-24T09:37:04;2;2;1
76534;PMS7003;65380;51.22370000;16.16050000;2023-12-24T09:40:05;3;3;3
76534;PMS7003;65380;51.22370000;16.16050000;2023-12-24T09:40:12;3;3;3
76534;PMS7003;65380;51.22370000;16.16050000;2023-12-24T09:43:13;5;5;4
76534;PMS7003;65380;51.22370000;16.16050000;2023-12-24T09:43:18;5;5;4
76534;PMS7003;65380;51.22370000;16.16050000;2023-12-24T09:46:19;6;6;3
76534;PMS7003;65380;51.22370000;16.16050000;2023-12-24T09:46:25;6;6;3
76534;PMS7003;65380;51.22370000;16.16050000;2023-12-24T09:49:29;3;3;3
76534;PMS7003;65380;51.22370000;16.16050000;2023-12-24T09:49:35;3;3;3
76534;PMS7003;65380;51.22370000;16.16050000;2023-12-24T09:52:35;3;3;3
76534;PMS7003;65380;51.22370000;16.16050000;2023-12-24T09:52:41;3;3;3
76534;PMS7003;65380;51.22370000;16.16050000;2023-12-24T09:55:41;4;4;1
76534;PMS7003;65380;51.22370000;16.16050000;2023-12-24T09:55:48;4;4;1
76534;PMS7003;65380;51.22370000;16.16050000;2023-12-24T09:58:48;4;4;3
76534;PMS7003;65380;51.22370000;16.16050000;2023-12-24T09:58:54;4;4;3
76534;PMS7003;65380;51.22370000;16.16050000;2023-12-24T10:01:54;10;7;4
76534;PMS7003;65380;51.22370000;16.16050000;2023-12-24T10:02:00;10;7;4
76534;PMS7003;65380;51.22370000;16.16050000;2023-12-24T10:05:01;5;5;2
76534;PMS7003;65380;51.22370000;16.16050000;2023-12-24T10:05:09;5;5;2
76534;PMS7003;65380;51.22370000;16.16050000;2023-12-24T10:08:16;3;3;3
76534;PMS7003;65380;51.22370000;16.16050000;2023-12-24T10:08:22;3;3;3
76534;PMS7003;65380;51.22370000;16.16050000;2023-12-24T10:11:23;7;7;7
76534;PMS7003;65380;51.22370000;16.16050000;2023-12-24T10:11:29;7;7;7
76534;PMS7003;65380;51.22370000;16.16050000;2023-12-24T10:14:29;3;2;1
76534;PMS7003;65380;51.22370000;16.16050000;2023-12-24T10:14:37;3;2;1
76534;PMS7003;65380;51.22370000;16.16050000;2023-12-24T10:17:35;13;3;2
76534;PMS7003;65380;51.22370000;16.16050000;2023-12-24T10:17:44;13;3;2
76534;PMS7003;65380;51.22370000;16.16050000;2023-12-24T10:20:45;2;2;1
76534;PMS7003;65380;51.22370000;16.16050000;2023-12-24T10:20:56;2;2;1
76534;PMS7003;65380;51.22370000;16.16050000;2023-12-24T10:23:52;3;3;2
76534;PMS7003;65380;51.22370000;16.16050000;2023-12-24T10:24:10;2;2;1
76534;PMS7003;65380;51.22370000;16.16050000;2023-12-24T10:27:06;5;3;2
76534;PMS7003;65380;51.22370000;16.16050000;2023-12-24T10:27:17;4;4;2
76534;PMS7003;65380;51.22370000;16.16050000;2023-12-24T10:30:14;1;1;1
76534;PMS7003;65380;51.22370000;16.16050000;2023-12-24T10:30:24;1;1;1
76534;PMS7003;65380;51.22370000;16.16050000;2023-12-24T10:33:21;4;4;2
76534;PMS7003;65380;51.22370000;16.16050000;2023-12-24T10:33:30;4;4;2
76534;PMS7003;65380;51.22370000;16.16050000;2023-12-24T10:36:27;4;4;3
76534;PMS7003;65380;51.22370000;16.16050000;2023-12-24T10:36:35;4;4;3
76534;PMS7003;65380;51.22370000;16.16050000;2023-12-24T10:39:34;2;2;2
76534;PMS7003;65380;51.22370000;16.16050000;2023-12-24T10:39:41;2;2;2
76534;PMS7003;65380;51.22370000;16.16050000;2023-12-24T10:42:42;3;3;0
76534;PMS7003;65380;51.22370000;16.16050000;2023-12-24T10:42:47;3;3;0
76534;PMS7003;65380;51.22370000;16.16050000;2023-12-24T10:45:48;2;2;2
76534;PMS7003;65380;51.22370000;16.16050000;2023-12-24T10:45:54;2;2;2
76534;PMS7003;65380;51.22370000;16.16050000;2023-12-24T10:48:54;10;10;7
76534;PMS7003;65380;51.22370000;16.16050000;2023-12-24T10:49:00;10;10;7
76534;PMS7003;65380;51.22370000;16.16050000;2023-12-24T10:52:01;3;1;1
76534;PMS7003;65380;51.22370000;16.16050000;2023-12-24T10:52:07;3;1;1
76534;PMS7003;65380;51.22370000;16.16050000;2023-12-24T10:55:07;5;1;1
76534;PMS7003;65380;51.22370000;16.16050000;2023-12-24T10:55:15;5;1;1
76534;PMS7003;65380;51.22370000;16.16050000;2023-12-24T10:58:50;11;3;3
76534;PMS7003;65380;51.22370000;16.16050000;2023-12-24T11:01:51;5;5;2
76534;PMS7003;65380;51.22370000;16.16050000;2023-12-24T11:01:58;5;5;2
76534;PMS7003;65380;51.22370000;16.16050000;2023-12-24T11:04:55;4;4;2
76534;PMS7003;65380;51.22370000;16.16050000;2023-12-24T11:05:04;4;4;2
76534;PMS7003;65380;51.22370000;16.16050000;2023-12-24T11:08:02;2;2;2
76534;PMS7003;65380;51.22370000;16.16050000;2023-12-24T11:08:30;2;2;2
76534;PMS7003;65380;51.22370000;16.16050000;2023-12-24T11:11:08;2;2;1
76534;PMS7003;65380;51.22370000;16.16050000;2023-12-24T11:11:52;2;2;1
76534;PMS7003;65380;51.22370000;16.16050000;2023-12-24T11:14:58;1;1;1
76534;PMS7003;65380;51.22370000;16.16050000;2023-12-24T11:17:47;0;0;0
76534;PMS7003;65380;51.22370000;16.16050000;2023-12-24T11:18:05;0;0;0
76534;PMS7003;65380;51.22370000;16.16050000;2023-12-24T11:20:54;1;1;1
76534;PMS7003;65380;51.22370000;16.16050000;2023-12-24T11:21:11;1;1;1
76534;PMS7003;65380;51.22370000;16.16050000;2023-12-24T11:24:21;4;3;1
76534;PMS7003;65380;51.22370000;16.16050000;2023-12-24T11:27:18;2;2;2
76534;PMS7003;65380;51.22370000;16.16050000;2023-12-24T11:27:27;2;2;2
76534;PMS7003;65380;51.22370000;16.16050000;2023-12-24T11:30:24;3;3;3
76534;PMS7003;65380;51.22370000;16.16050000;2023-12-24T11:33:58;15;13;6
76534;PMS7003;65380;51.22370000;16.16050000;2023-12-24T11:36:53;2;2;1
76534;PMS7003;65380;51.22370000;16.16050000;2023-12-24T11:37:04;2;2;1
76534;PMS7003;65380;51.22370000;16.16050000;2023-12-24T11:40:16;7;7;5
76534;PMS7003;65380;51.22370000;16.16050000;2023-12-24T11:43:09;5;5;4
76534;PMS7003;65380;51.22370000;16.16050000;2023-12-24T11:43:26;5;5;2
76534;PMS7003;65380;51.22370000;16.16050000;2023-12-24T11:46:18;7;4;3
76534;PMS7003;65380;51.22370000;16.16050000;2023-12-24T11:46:34;7;4;3
76534;PMS7003;65380;51.22370000;16.16050000;2023-12-24T11:49:25;0;0;0
76534;PMS7003;65380;51.22370000;16.16050000;2023-12-24T11:49:40;0;0;0
76534;PMS7003;65380;51.22370000;16.16050000;2023-12-24T11:52:32;0;0;0
76534;PMS7003;65380;51.22370000;16.16050000;2023-12-24T11:52:48;0;0;0
76534;PMS7003;65380;51.22370000;16.16050000;2023-12-24T11:55:38;6;4;3
76534;PMS7003;65380;51.22370000;16.16050000;2023-12-24T11:56:10;6;4;3
76534;PMS7003;65380;51.22370000;16.16050000;2023-12-24T11:59:21;12;8;5
76534;PMS7003;65380;51.22370000;16.16050000;2023-12-24T12:02:04;3;3;2
76534;PMS7003;65380;51.22370000;16.16050000;2023-12-24T12:02:27;3;3;2
76534;PMS7003;65380;51.22370000;16.16050000;2023-12-24T12:05:10;7;7;4
76534;PMS7003;65380;51.22370000;16.16050000;2023-12-24T12:05:33;7;7;4
76534;PMS7003;65380;51.22370000;16.16050000;2023-12-24T12:08:16;13;10;7
76534;PMS7003;65380;51.22370000;16.16050000;2023-12-24T12:08:39;13;10;7
76534;PMS7003;65380;51.22370000;16.16050000;2023-12-24T12:11:26;11;11;7
76534;PMS7003;65380;51.22370000;16.16050000;2023-12-24T12:11:45;11;11;7
76534;PMS7003;65380;51.22370000;16.16050000;2023-12-24T12:14:32;12;4;2
76534;PMS7003;65380;51.22370000;16.16050000;2023-12-24T12:14:53;0;0;0
76534;PMS7003;65380;51.22370000;16.16050000;2023-12-24T12:17:38;10;4;2
76534;PMS7003;65380;51.22370000;16.16050000;2023-12-24T12:17:59;8;8;6
76534;PMS7003;65380;51.22370000;16.16050000;2023-12-24T12:20:44;8;6;5
76534;PMS7003;65380;51.22370000;16.16050000;2023-12-24T12:21:08;10;6;2
76534;PMS7003;65380;51.22370000;16.16050000;2023-12-24T12:23:51;19;13;10
76534;PMS7003;65380;51.22370000;16.16050000;2023-12-24T12:24:16;19;13;10
76534;PMS7003;65380;51.22370000;16.16050000;2023-12-24T12:26:57;6;5;3
76534;PMS7003;65380;51.22370000;16.16050000;2023-12-24T12:27:23;6;5;3
76534;PMS7003;65380;51.22370000;16.16050000;2023-12-24T12:30:03;20;16;10
76534;PMS7003;65380;51.22370000;16.16050000;2023-12-24T12:30:30;20;16;10
76534;PMS7003;65380;51.22370000;16.16050000;2023-12-24T12:33:11;15;9;5
76534;PMS7003;65380;51.22370000;16.16050000;2023-12-24T12:33:36;15;9;5
76534;PMS7003;65380;51.22370000;16.16050000;2023-12-24T12:36:17;4;4;2
76534;PMS7003;65380;51.22370000;16.16050000;2023-12-24T12:36:43;4;4;2
76534;PMS7003;65380;51.22370000;16.16050000;2023-12-24T12:39:23;3;3;3
76534;PMS7003;65380;51.22370000;16.16050000;2023-12-24T12:39:49;4;4;3
76534;PMS7003;65380;51.22370000;16.16050000;2023-12-24T12:42:29;7;7;6
76534;PMS7003;65380;51.22370000;16.16050000;2023-12-24T12:42:54;7;7;6
76534;PMS7003;65380;51.22370000;16.16050000;2023-12-24T12:45:36;0;0;0
76534;PMS7003;65380;51.22370000;16.16050000;2023-12-24T12:46:01;3;1;1
76534;PMS7003;65380;51.22370000;16.16050000;2023-12-24T12:48:42;1;1;0
76534;PMS7003;65380;51.22370000;16.16050000;2023-12-24T12:49:07;1;1;0
76534;PMS7003;65380;51.22370000;16.16050000;2023-12-24T12:51:50;7;5;3
76534;PMS7003;65380;51.22370000;16.16050000;2023-12-24T12:52:13;7;5;3
76534;PMS7003;65380;51.22370000;16.16050000;2023-12-24T12:55:19;14;10;6
76534;PMS7003;65380;51.22370000;16.16050000;2023-12-24T12:58:14;9;8;6
76534;PMS7003;65380;51.22370000;16.16050000;2023-12-24T12:58:26;9;8;6
76534;PMS7003;65380;51.22370000;16.16050000;2023-12-24T13:01:18;1;1;0
76534;PMS7003;65380;51.22370000;16.16050000;2023-12-24T13:01:38;1;1;0
76534;PMS7003;65380;51.22370000;16.16050000;2023-12-24T13:04:26;5;5;2
76534;PMS7003;65380;51.22370000;16.16050000;2023-12-24T13:04:44;5;5;2
76534;PMS7003;65380;51.22370000;16.16050000;2023-12-24T13:07:41;10;7;2
76534;PMS7003;65380;51.22370000;16.16050000;2023-12-24T13:07:51;10;7;2
76534;PMS7003;65380;51.22370000;16.16050000;2023-12-24T13:10:47;4;4;3
76534;PMS7003;65380;51.22370000;16.16050000;2023-12-24T13:11:04;4;4;3
76534;PMS7003;65380;51.22370000;16.16050000;2023-12-24T13:14:07;2;2;2
76534;PMS7003;65380;51.22370000;16.16050000;2023-12-24T13:14:13;2;2;2
76534;PMS7003;65380;51.22370000;16.16050000;2023-12-24T13:17:14;5;5;3
76534;PMS7003;65380;51.22370000;16.16050000;2023-12-24T13:17:21;5;5;3
76534;PMS7003;65380;51.22370000;16.16050000;2023-12-24T13:20:23;12;5;2
76534;PMS7003;65380;51.22370000;16.16050000;2023-12-24T13:20:29;12;5;2
76534;PMS7003;65380;51.22370000;16.16050000;2023-12-24T13:23:29;19;16;10
76534;PMS7003;65380;51.22370000;16.16050000;2023-12-24T13:23:36;19;16;10
76534;PMS7003;65380;51.22370000;16.16050000;2023-12-24T13:26:37;14;6;4
76534;PMS7003;65380;51.22370000;16.16050000;2023-12-24T13:26:43;14;6;4
76534;PMS7003;65380;51.22370000;16.16050000;2023-12-24T13:29:43;12;9;5
76534;PMS7003;65380;51.22370000;16.16050000;2023-12-24T13:29:49;12;9;5
76534;PMS7003;65380;51.22370000;16.16050000;2023-12-24T13:32:50;7;7;4
76534;PMS7003;65380;51.22370000;16.16050000;2023-12-24T13:32:55;7;7;4
76534;PMS7003;65380;51.22370000;16.16050000;2023-12-24T13:35:56;9;7;7
76534;PMS7003;65380;51.22370000;16.16050000;2023-12-24T13:36:02;9;7;7
76534;PMS7003;65380;51.22370000;16.16050000;2023-12-24T13:39:02;0;0;0
76534;PMS7003;65380;51.22370000;16.16050000;2023-12-24T13:39:08;0;0;0
76534;PMS7003;65380;51.22370000;16.16050000;2023-12-24T13:42:08;8;8;6
76534;PMS7003;65380;51.22370000;16.16050000;2023-12-24T13:42:13;8;8;6
76534;PMS7003;65380;51.22370000;16.16050000;2023-12-24T13:45:17;8;7;5
76534;PMS7003;65380;51.22370000;16.16050000;2023-12-24T13:45:22;8;7;5
76534;PMS7003;65380;51.22370000;16.16050000;2023-12-24T13:48:22;4;3;3
76534;PMS7003;65380;51.22370000;16.16050000;2023-12-24T13:48:28;4;3;3
76534;PMS7003;65380;51.22370000;16.16050000;2023-12-24T13:51:28;22;22;12
76534;PMS7003;65380;51.22370000;16.16050000;2023-12-24T13:51:38;22;22;12
76534;PMS7003;65380;51.22370000;16.16050000;2023-12-24T13:54:38;37;26;10
76534;PMS7003;65380;51.22370000;16.16050000;2023-12-24T13:54:44;37;26;10
76534;PMS7003;65380;51.22370000;16.16050000;2023-12-24T13:57:44;4;4;4
76534;PMS7003;65380;51.22370000;16.16050000;2023-12-24T13:57:50;4;4;4
76534;PMS7003;65380;51.22370000;16.16050000;2023-12-24T14:00:51;7;5;5
76534;PMS7003;65380;51.22370000;16.16050000;2023-12-24T14:00:56;7;5;5
76534;PMS7003;65380;51.22370000;16.16050000;2023-12-24T14:03:57;16;15;9
76534;PMS7003;65380;51.22370000;16.16050000;2023-12-24T14:04:03;16;15;9
76534;PMS7003;65380;51.22370000;16.16050000;2023-12-24T14:07:03;3;3;2
76534;PMS7003;65380;51.22370000;16.16050000;2023-12-24T14:07:10;3;3;2
76534;PMS7003;65380;51.22370000;16.16050000;2023-12-24T14:10:11;8;8;6
76534;PMS7003;65380;51.22370000;16.16050000;2023-12-24T14:10:17;8;8;6
76534;PMS7003;65380;51.22370000;16.16050000;2023-12-24T14:13:18;17;10;6
76534;PMS7003;65380;51.22370000;16.16050000;2023-12-24T14:13:23;17;10;6
76534;PMS7003;65380;51.22370000;16.16050000;2023-12-24T14:16:24;16;13;9
76534;PMS7003;65380;51.22370000;16.16050000;2023-12-24T14:16:34;34;17;12
76534;PMS7003;65380;51.22370000;16.16050000;2023-12-24T14:19:30;25;19;9
76534;PMS7003;65380;51.22370000;16.16050000;2023-12-24T14:19:40;25;19;9
76534;PMS7003;65380;51.22370000;16.16050000;2023-12-24T14:22:36;17;14;8
76534;PMS7003;65380;51.22370000;16.16050000;2023-12-24T14:22:46;17;14;8
76534;PMS7003;65380;51.22370000;16.16050000;2023-12-24T14:25:42;18;18;11
76534;PMS7003;65380;51.22370000;16.16050000;2023-12-24T14:25:52;18;18;11
76534;PMS7003;65380;51.22370000;16.16050000;2023-12-24T14:28:49;38;29;17
76534;PMS7003;65380;51.22370000;16.16050000;2023-12-24T14:28:58;38;29;17
76534;PMS7003;65380;51.22370000;16.16050000;2023-12-24T14:31:55;12;3;3
76534;PMS7003;65380;51.22370000;16.16050000;2023-12-24T14:32:04;12;3;3
76534;PMS7003;65380;51.22370000;16.16050000;2023-12-24T14:35:01;12;10;7
76534;PMS7003;65380;51.22370000;16.16050000;2023-12-24T14:35:10;12;10;7
76534;PMS7003;65380;51.22370000;16.16050000;2023-12-24T14:38:08;5;5;3
76534;PMS7003;65380;51.22370000;16.16050000;2023-12-24T14:38:16;5;5;3
76534;PMS7003;65380;51.22370000;16.16050000;2023-12-24T14:41:17;14;12;8
76534;PMS7003;65380;51.22370000;16.16050000;2023-12-24T14:41:23;14;12;8
76534;PMS7003;65380;51.22370000;16.16050000;2023-12-24T14:44:23;26;17;11
76534;PMS7003;65380;51.22370000;16.16050000;2023-12-24T14:44:29;26;17;11
76534;PMS7003;65380;51.22370000;16.16050000;2023-12-24T14:47:29;26;18;8
76534;PMS7003;65380;51.22370000;16.16050000;2023-12-24T14:47:35;26;18;8
76534;PMS7003;65380;51.22370000;16.16050000;2023-12-24T14:50:36;17;16;13
76534;PMS7003;65380;51.22370000;16.16050000;2023-12-24T14:50:42;17;16;13
76534;PMS7003;65380;51.22370000;16.16050000;2023-12-24T14:53:42;23;21;12
76534;PMS7003;65380;51.22370000;16.16050000;2023-12-24T14:53:48;23;21;12
76534;PMS7003;65380;51.22370000;16.16050000;2023-12-24T14:56:48;13;13;8
76534;PMS7003;65380;51.22370000;16.16050000;2023-12-24T14:56:55;13;13;8
76534;PMS7003;65380;51.22370000;16.16050000;2023-12-24T15:02:29;7;6;4
76534;PMS7003;65380;51.22370000;16.16050000;2023-12-24T15:02:34;7;6;4
76534;PMS7003;65380;51.22370000;16.16050000;2023-12-24T15:05:34;23;17;10
76534;PMS7003;65380;51.22370000;16.16050000;2023-12-24T15:05:40;23;17;10
76534;PMS7003;65380;51.22370000;16.16050000;2023-12-24T15:08:41;16;13;7
76534;PMS7003;65380;51.22370000;16.16050000;2023-12-24T15:08:50;16;13;7
76534;PMS7003;65380;51.22370000;16.16050000;2023-12-24T15:11:51;18;10;9
76534;PMS7003;65380;51.22370000;16.16050000;2023-12-24T15:11:56;18;10;9
76534;PMS7003;65380;51.22370000;16.16050000;2023-12-24T15:14:57;6;6;4
76534;PMS7003;65380;51.22370000;16.16050000;2023-12-24T15:15:02;6;6;4
76534;PMS7003;65380;51.22370000;16.16050000;2023-12-24T15:18:03;11;11;6
76534;PMS7003;65380;51.22370000;16.16050000;2023-12-24T15:18:09;11;11;6
76534;PMS7003;65380;51.22370000;16.16050000;2023-12-24T15:21:10;23;15;10
76534;PMS7003;65380;51.22370000;16.16050000;2023-12-24T15:21:16;23;15;10
76534;PMS7003;65380;51.22370000;16.16050000;2023-12-24T15:24:16;18;17;8
76534;PMS7003;65380;51.22370000;16.16050000;2023-12-24T15:24:23;18;17;8
76534;PMS7003;65380;51.22370000;16.16050000;2023-12-24T15:27:24;7;6;5
76534;PMS7003;65380;51.22370000;16.16050000;2023-12-24T15:27:31;7;6;5
76534;PMS7003;65380;51.22370000;16.16050000;2023-12-24T15:30:31;15;10;7
76534;PMS7003;65380;51.22370000;16.16050000;2023-12-24T15:30:38;15;10;7
76534;PMS7003;65380;51.22370000;16.16050000;2023-12-24T15:33:38;11;11;7
76534;PMS7003;65380;51.22370000;16.16050000;2023-12-24T15:33:44;11;11;7
76534;PMS7003;65380;51.22370000;16.16050000;2023-12-24T15:36:44;3;3;2
76534;PMS7003;65380;51.22370000;16.16050000;2023-12-24T15:36:50;3;3;2
76534;PMS7003;65380;51.22370000;16.16050000;2023-12-24T15:39:51;12;12;8
76534;PMS7003;65380;51.22370000;16.16050000;2023-12-24T15:39:57;12;12;8
76534;PMS7003;65380;51.22370000;16.16050000;2023-12-24T15:42:58;6;6;5
76534;PMS7003;65380;51.22370000;16.16050000;2023-12-24T15:43:03;6;6;5
76534;PMS7003;65380;51.22370000;16.16050000;2023-12-24T15:46:04;7;4;2
76534;PMS7003;65380;51.22370000;16.16050000;2023-12-24T15:46:11;7;4;2
76534;PMS7003;65380;51.22370000;16.16050000;2023-12-24T15:49:11;5;5;5
76534;PMS7003;65380;51.22370000;16.16050000;2023-12-24T15:49:17;5;5;5
76534;PMS7003;65380;51.22370000;16.16050000;2023-12-24T15:52:18;3;3;2
76534;PMS7003;65380;51.22370000;16.16050000;2023-12-24T15:52:26;3;3;2
76534;PMS7003;65380;51.22370000;16.16050000;2023-12-24T15:55:28;10;9;8
76534;PMS7003;65380;51.22370000;16.16050000;2023-12-24T15:55:34;10;9;8
76534;PMS7003;65380;51.22370000;16.16050000;2023-12-24T15:58:34;16;16;7
76534;PMS7003;65380;51.22370000;16.16050000;2023-12-24T15:58:44;10;9;6
76534;PMS7003;65380;51.22370000;16.16050000;2023-12-24T16:01:41;5;5;3
76534;PMS7003;65380;51.22370000;16.16050000;2023-12-24T16:01:50;5;5;3
76534;PMS7003;65380;51.22370000;16.16050000;2023-12-24T16:04:48;11;4;3
76534;PMS7003;65380;51.22370000;16.16050000;2023-12-24T16:04:56;11;4;3
76534;PMS7003;65380;51.22370000;16.16050000;2023-12-24T16:07:55;7;2;1
76534;PMS7003;65380;51.22370000;16.16050000;2023-12-24T16:08:02;7;2;1
76534;PMS7003;65380;51.22370000;16.16050000;2023-12-24T16:11:01;4;4;4
76534;PMS7003;65380;51.22370000;16.16050000;2023-12-24T16:11:08;4;4;4
76534;PMS7003;65380;51.22370000;16.16050000;2023-12-24T16:14:07;9;3;2
76534;PMS7003;65380;51.22370000;16.16050000;2023-12-24T16:14:14;9;3;2
76534;PMS7003;65380;51.22370000;16.16050000;2023-12-24T16:17:13;6;6;3
76534;PMS7003;65380;51.22370000;16.16050000;2023-12-24T16:17:20;6;6;3
76534;PMS7003;65380;51.22370000;16.16050000;2023-12-24T16:20:20;5;5;2
76534;PMS7003;65380;51.22370000;16.16050000;2023-12-24T16:20:26;5;5;2
76534;PMS7003;65380;51.22370000;16.16050000;2023-12-24T16:23:27;3;3;0
76534;PMS7003;65380;51.22370000;16.16050000;2023-12-24T16:23:33;3;3;0
76534;PMS7003;65380;51.22370000;16.16050000;2023-12-24T16:26:33;3;3;2
76534;PMS7003;65380;51.22370000;16.16050000;2023-12-24T16:26:40;3;3;2
76534;PMS7003;65380;51.22370000;16.16050000;2023-12-24T16:29:40;1;1;1
76534;PMS7003;65380;51.22370000;16.16050000;2023-12-24T16:29:46;1;1;1
76534;PMS7003;65380;51.22370000;16.16050000;2023-12-24T16:32:46;0;0;0
76534;PMS7003;65380;51.22370000;16.16050000;2023-12-24T16:32:53;0;0;0
76534;PMS7003;65380;51.22370000;16.16050000;2023-12-24T16:35:53;3;3;2
76534;PMS7003;65380;51.22370000;16.16050000;2023-12-24T16:35:59;3;3;2
76534;PMS7003;65380;51.22370000;16.16050000;2023-12-24T16:38:59;8;4;2
76534;PMS7003;65380;51.22370000;16.16050000;2023-12-24T16:39:07;8;4;2
76534;PMS7003;65380;51.22370000;16.16050000;2023-12-24T16:42:07;11;7;5
76534;PMS7003;65380;51.22370000;16.16050000;2023-12-24T16:42:13;11;7;5
76534;PMS7003;65380;51.22370000;16.16050000;2023-12-24T16:45:13;13;13;5
76534;PMS7003;65380;51.22370000;16.16050000;2023-12-24T16:45:23;13;13;5
76534;PMS7003;65380;51.22370000;16.16050000;2023-12-24T16:48:23;10;8;6
76534;PMS7003;65380;51.22370000;16.16050000;2023-12-24T16:48:30;10;8;6
76534;PMS7003;65380;51.22370000;16.16050000;2023-12-24T16:51:30;9;5;4
76534;PMS7003;65380;51.22370000;16.16050000;2023-12-24T16:51:36;9;5;4
76534;PMS7003;65380;51.22370000;16.16050000;2023-12-24T16:54:36;13;10;7
76534;PMS7003;65380;51.22370000;16.16050000;2023-12-24T16:54:42;13;10;7
76534;PMS7003;65380;51.22370000;16.16050000;2023-12-24T16:57:42;2;2;0
76534;PMS7003;65380;51.22370000;16.16050000;2023-12-24T16:57:48;2;2;0
76534;PMS7003;65380;51.22370000;16.16050000;2023-12-24T17:00:48;7;7;3
76534;PMS7003;65380;51.22370000;16.16050000;2023-12-24T17:00:54;7;7;3
76534;PMS7003;65380;51.22370000;16.16050000;2023-12-24T17:03:54;9;5;5
76534;PMS7003;65380;51.22370000;16.16050000;2023-12-24T17:04:00;9;5;5
76534;PMS7003;65380;51.22370000;16.16050000;2023-12-24T17:07:00;18;13;9
76534;PMS7003;65380;51.22370000;16.16050000;2023-12-24T17:07:06;18;13;9
76534;PMS7003;65380;51.22370000;16.16050000;2023-12-24T17:10:07;11;8;6
76534;PMS7003;65380;51.22370000;16.16050000;2023-12-24T17:10:13;11;8;6
76534;PMS7003;65380;51.22370000;16.16050000;2023-12-24T17:13:13;8;8;6
76534;PMS7003;65380;51.22370000;16.16050000;2023-12-24T17:13:20;8;8;6
76534;PMS7003;65380;51.22370000;16.16050000;2023-12-24T17:16:20;2;2;1
76534;PMS7003;65380;51.22370000;16.16050000;2023-12-24T17:16:26;2;2;1
76534;PMS7003;65380;51.22370000;16.16050000;2023-12-24T17:19:26;15;7;4
76534;PMS7003;65380;51.22370000;16.16050000;2023-12-24T17:19:36;25;17;7
76534;PMS7003;65380;51.22370000;16.16050000;2023-12-24T17:22:32;14;9;4
76534;PMS7003;65380;51.22370000;16.16050000;2023-12-24T17:22:42;14;9;4
76534;PMS7003;65380;51.22370000;16.16050000;2023-12-24T17:25:38;16;12;4
76534;PMS7003;65380;51.22370000;16.16050000;2023-12-24T17:25:48;16;12;4
76534;PMS7003;65380;51.22370000;16.16050000;2023-12-24T17:28:44;24;11;6
76534;PMS7003;65380;51.22370000;16.16050000;2023-12-24T17:28:53;24;11;6
76534;PMS7003;65380;51.22370000;16.16050000;2023-12-24T17:31:50;2;2;0
76534;PMS7003;65380;51.22370000;16.16050000;2023-12-24T17:31:59;2;2;0
76534;PMS7003;65380;51.22370000;16.16050000;2023-12-24T17:34:57;15;9;4
76534;PMS7003;65380;51.22370000;16.16050000;2023-12-24T17:35:05;15;9;4
76534;PMS7003;65380;51.22370000;16.16050000;2023-12-24T17:38:03;13;10;5
76534;PMS7003;65380;51.22370000;16.16050000;2023-12-24T17:38:11;13;10;5
76534;PMS7003;65380;51.22370000;16.16050000;2023-12-24T17:41:10;13;13;6
76534;PMS7003;65380;51.22370000;16.16050000;2023-12-24T17:41:19;13;13;6
76534;PMS7003;65380;51.22370000;16.16050000;2023-12-24T17:44:18;4;1;1
76534;PMS7003;65380;51.22370000;16.16050000;2023-12-24T17:44:25;4;1;1
76534;PMS7003;65380;51.22370000;16.16050000;2023-12-24T17:47:24;3;2;1
76534;PMS7003;65380;51.22370000;16.16050000;2023-12-24T17:47:32;3;2;1
76534;PMS7003;65380;51.22370000;16.16050000;2023-12-24T17:50:32;4;4;4
76534;PMS7003;65380;51.22370000;16.16050000;2023-12-24T17:50:38;4;4;4
76534;PMS7003;65380;51.22370000;16.16050000;2023-12-24T17:53:38;8;7;4
76534;PMS7003;65380;51.22370000;16.16050000;2023-12-24T17:53:45;8;7;4
76534;PMS7003;65380;51.22370000;16.16050000;2023-12-24T17:56:45;7;4;4
76534;PMS7003;65380;51.22370000;16.16050000;2023-12-24T17:56:50;7;4;4
76534;PMS7003;65380;51.22370000;16.16050000;2023-12-24T17:59:51;23;16;7
76534;PMS7003;65380;51.22370000;16.16050000;2023-12-24T17:59:56;23;16;7
76534;PMS7003;65380;51.22370000;16.16050000;2023-12-24T18:02:57;8;8;4
76534;PMS7003;65380;51.22370000;16.16050000;2023-12-24T18:03:04;8;8;4
76534;PMS7003;65380;51.22370000;16.16050000;2023-12-24T18:06:03;18;18;10
76534;PMS7003;65380;51.22370000;16.16050000;2023-12-24T18:06:10;18;18;10
76534;PMS7003;65380;51.22370000;16.16050000;2023-12-24T18:09:09;10;10;7
76534;PMS7003;65380;51.22370000;16.16050000;2023-12-24T18:09:16;10;10;7
76534;PMS7003;65380;51.22370000;16.16050000;2023-12-24T18:12:16;2;2;2
76534;PMS7003;65380;51.22370000;16.16050000;2023-12-24T18:12:22;2;2;2
76534;PMS7003;65380;51.22370000;16.16050000;2023-12-24T18:15:22;10;7;2
76534;PMS7003;65380;51.22370000;16.16050000;2023-12-24T18:15:29;10;7;2
76534;PMS7003;65380;51.22370000;16.16050000;2023-12-24T18:18:28;8;4;3
76534;PMS7003;65380;51.22370000;16.16050000;2023-12-24T18:18:37;8;4;3
76534;PMS7003;65380;51.22370000;16.16050000;2023-12-24T18:21:37;4;4;3
76534;PMS7003;65380;51.22370000;16.16050000;2023-12-24T18:21:44;4;4;3
76534;PMS7003;65380;51.22370000;16.16050000;2023-12-24T18:24:44;10;9;5
76534;PMS7003;65380;51.22370000;16.16050000;2023-12-24T18:24:50;10;9;5
76534;PMS7003;65380;51.22370000;16.16050000;2023-12-24T18:27:50;0;0;0
76534;PMS7003;65380;51.22370000;16.16050000;2023-12-24T18:27:56;0;0;0
76534;PMS7003;65380;51.22370000;16.16050000;2023-12-24T18:30:56;3;2;0
76534;PMS7003;65380;51.22370000;16.16050000;2023-12-24T18:31:03;3;2;0
76534;PMS7003;65380;51.22370000;16.16050000;2023-12-24T18:34:04;17;11;6
76534;PMS7003;65380;51.22370000;16.16050000;2023-12-24T18:34:09;17;11;6
76534;PMS7003;65380;51.22370000;16.16050000;2023-12-24T18:37:13;11;4;3
76534;PMS7003;65380;51.22370000;16.16050000;2023-12-24T18:37:19;11;4;3
76534;PMS7003;65380;51.22370000;16.16050000;2023-12-24T18:40:19;17;8;6
76534;PMS7003;65380;51.22370000;16.16050000;2023-12-24T18:40:25;17;8;6
76534;PMS7003;65380;51.22370000;16.16050000;2023-12-24T18:43:25;8;7;5
76534;PMS7003;65380;51.22370000;16.16050000;2023-12-24T18:43:31;8;7;5
76534;PMS7003;65380;51.22370000;16.16050000;2023-12-24T18:46:32;16;15;10
76534;PMS7003;65380;51.22370000;16.16050000;2023-12-24T18:46:40;16;15;10
76534;PMS7003;65380;51.22370000;16.16050000;2023-12-24T18:49:38;14;9;5
76534;PMS7003;65380;51.22370000;16.16050000;2023-12-24T18:49:47;14;9;5
76534;PMS7003;65380;51.22370000;16.16050000;2023-12-24T18:52:44;6;6;5
76534;PMS7003;65380;51.22370000;16.16050000;2023-12-24T18:52:52;6;6;5
76534;PMS7003;65380;51.22370000;16.16050000;2023-12-24T18:55:50;8;8;4
76534;PMS7003;65380;51.22370000;16.16050000;2023-12-24T18:55:59;8;8;4
76534;PMS7003;65380;51.22370000;16.16050000;2023-12-24T18:58:55;8;3;2
76534;PMS7003;65380;51.22370000;16.16050000;2023-12-24T18:59:05;8;3;2
76534;PMS7003;65380;51.22370000;16.16050000;2023-12-24T19:02:02;6;6;4
76534;PMS7003;65380;51.22370000;16.16050000;2023-12-24T19:02:11;6;6;4
76534;PMS7003;65380;51.22370000;16.16050000;2023-12-24T19:05:09;10;8;4
76534;PMS7003;65380;51.22370000;16.16050000;2023-12-24T19:05:20;25;20;13
76534;PMS7003;65380;51.22370000;16.16050000;2023-12-24T19:08:16;8;4;2
76534;PMS7003;65380;51.22370000;16.16050000;2023-12-24T19:08:26;8;4;2
76534;PMS7003;65380;51.22370000;16.16050000;2023-12-24T19:11:22;5;5;5
76534;PMS7003;65380;51.22370000;16.16050000;2023-12-24T19:11:31;5;5;5
76534;PMS7003;65380;51.22370000;16.16050000;2023-12-24T19:14:28;15;7;2
76534;PMS7003;65380;51.22370000;16.16050000;2023-12-24T19:14:38;15;7;2
76534;PMS7003;65380;51.22370000;16.16050000;2023-12-24T19:17:34;1;1;1
76534;PMS7003;65380;51.22370000;16.16050000;2023-12-24T19:17:43;1;1;1
76534;PMS7003;65380;51.22370000;16.16050000;2023-12-24T19:20:40;17;10;6
76534;PMS7003;65380;51.22370000;16.16050000;2023-12-24T19:20:49;17;10;6
76534;PMS7003;65380;51.22370000;16.16050000;2023-12-24T19:23:46;6;4;1
76534;PMS7003;65380;51.22370000;16.16050000;2023-12-24T19:23:55;6;4;1
76534;PMS7003;65380;51.22370000;16.16050000;2023-12-24T19:26:52;19;7;6
76534;PMS7003;65380;51.22370000;16.16050000;2023-12-24T19:27:00;19;7;6
76534;PMS7003;65380;51.22370000;16.16050000;2023-12-24T19:30:02;3;3;2
76534;PMS7003;65380;51.22370000;16.16050000;2023-12-24T19:30:09;3;3;2
76534;PMS7003;65380;51.22370000;16.16050000;2023-12-24T19:33:09;5;2;0
76534;PMS7003;65380;51.22370000;16.16050000;2023-12-24T19:33:19;14;14;7
76534;PMS7003;65380;51.22370000;16.16050000;2023-12-24T19:36:15;28;24;12
76534;PMS7003;65380;51.22370000;16.16050000;2023-12-24T19:36:26;28;24;12
76534;PMS7003;65380;51.22370000;16.16050000;2023-12-24T19:39:22;7;7;6
76534;PMS7003;65380;51.22370000;16.16050000;2023-12-24T19:39:31;7;7;6
76534;PMS7003;65380;51.22370000;16.16050000;2023-12-24T19:42:27;1;1;1
76534;PMS7003;65380;51.22370000;16.16050000;2023-12-24T19:42:38;1;1;1
76534;PMS7003;65380;51.22370000;16.16050000;2023-12-24T19:45:35;0;0;0
76534;PMS7003;65380;51.22370000;16.16050000;2023-12-24T19:45:44;0;0;0
76534;PMS7003;65380;51.22370000;16.16050000;2023-12-24T19:48:42;2;2;0
76534;PMS7003;65380;51.22370000;16.16050000;2023-12-24T19:48:49;2;2;0
76534;PMS7003;65380;51.22370000;16.16050000;2023-12-24T19:51:48;3;3;2
76534;PMS7003;65380;51.22370000;16.16050000;2023-12-24T19:51:58;3;3;2
76534;PMS7003;65380;51.22370000;16.16050000;2023-12-24T19:54:55;4;4;4
76534;PMS7003;65380;51.22370000;16.16050000;2023-12-24T19:55:03;4;4;4
76534;PMS7003;65380;51.22370000;16.16050000;2023-12-24T19:58:02;0;0;0
76534;PMS7003;65380;51.22370000;16.16050000;2023-12-24T19:58:10;0;0;0
76534;PMS7003;65380;51.22370000;16.16050000;2023-12-24T20:01:09;4;4;2
76534;PMS7003;65380;51.22370000;16.16050000;2023-12-24T20:01:19;2;2;1
76534;PMS7003;65380;51.22370000;16.16050000;2023-12-24T20:04:15;2;2;1
76534;PMS7003;65380;51.22370000;16.16050000;2023-12-24T20:04:25;2;2;1
76534;PMS7003;65380;51.22370000;16.16050000;2023-12-24T20:07:21;0;0;0
76534;PMS7003;65380;51.22370000;16.16050000;2023-12-24T20:07:31;0;0;0
76534;PMS7003;65380;51.22370000;16.16050000;2023-12-24T20:10:27;0;0;0
76534;PMS7003;65380;51.22370000;16.16050000;2023-12-24T20:10:36;0;0;0
76534;PMS7003;65380;51.22370000;16.16050000;2023-12-24T20:13:33;3;3;2
76534;PMS7003;65380;51.22370000;16.16050000;2023-12-24T20:13:42;3;3;2
76534;PMS7003;65380;51.22370000;16.16050000;2023-12-24T20:16:39;0;0;0
76534;PMS7003;65380;51.22370000;16.16050000;2023-12-24T20:16:48;0;0;0
76534;PMS7003;65380;51.22370000;16.16050000;2023-12-24T20:19:46;0;0;0
76534;PMS7003;65380;51.22370000;16.16050000;2023-12-24T20:19:53;0;0;0
76534;PMS7003;65380;51.22370000;16.16050000;2023-12-24T20:22:52;6;6;1
76534;PMS7003;65380;51.22370000;16.16050000;2023-12-24T20:23:00;6;6;1
76534;PMS7003;65380;51.22370000;16.16050000;2023-12-24T20:26:01;2;2;2
76534;PMS7003;65380;51.22370000;16.16050000;2023-12-24T20:26:07;2;2;2
76534;PMS7003;65380;51.22370000;16.16050000;2023-12-24T20:29:08;0;0;0
76534;PMS7003;65380;51.22370000;16.16050000;2023-12-24T20:29:13;0;0;0
76534;PMS7003;65380;51.22370000;16.16050000;2023-12-24T20:32:14;5;2;2
76534;PMS7003;65380;51.22370000;16.16050000;2023-12-24T20:32:20;5;2;2
76534;PMS7003;65380;51.22370000;16.16050000;2023-12-24T20:35:20;2;2;1
76534;PMS7003;65380;51.22370000;16.16050000;2023-12-24T20:35:27;2;2;1
76534;PMS7003;65380;51.22370000;16.16050000;2023-12-24T20:38:26;2;2;1
76534;PMS7003;65380;51.22370000;16.16050000;2023-12-24T20:38:33;2;2;1
76534;PMS7003;65380;51.22370000;16.16050000;2023-12-24T20:41:33;1;1;1
76534;PMS7003;65380;51.22370000;16.16050000;2023-12-24T20:41:42;1;1;1
76534;PMS7003;65380;51.22370000;16.16050000;2023-12-24T20:44:40;1;1;1
76534;PMS7003;65380;51.22370000;16.16050000;2023-12-24T20:44:48;1;1;1
76534;PMS7003;65380;51.22370000;16.16050000;2023-12-24T20:47:46;2;0;0
76534;PMS7003;65380;51.22370000;16.16050000;2023-12-24T20:47:54;2;0;0
76534;PMS7003;65380;51.22370000;16.16050000;2023-12-24T20:50:52;2;2;2
76534;PMS7003;65380;51.22370000;16.16050000;2023-12-24T20:50:59;2;2;2
76534;PMS7003;65380;51.22370000;16.16050000;2023-12-24T20:53:58;8;5;1
76534;PMS7003;65380;51.22370000;16.16050000;2023-12-24T20:54:09;0;0;0
76534;PMS7003;65380;51.22370000;16.16050000;2023-12-24T20:57:04;0;0;0
76534;PMS7003;65380;51.22370000;16.16050000;2023-12-24T20:57:15;0;0;0
76534;PMS7003;65380;51.22370000;16.16050000;2023-12-24T21:00:12;2;2;2
76534;PMS7003;65380;51.22370000;16.16050000;2023-12-24T21:00:21;2;2;2
76534;PMS7003;65380;51.22370000;16.16050000;2023-12-24T21:03:18;3;3;3
76534;PMS7003;65380;51.22370000;16.16050000;2023-12-24T21:03:26;3;3;3
76534;PMS7003;65380;51.22370000;16.16050000;2023-12-24T21:06:24;0;0;0
76534;PMS7003;65380;51.22370000;16.16050000;2023-12-24T21:06:32;0;0;0
76534;PMS7003;65380;51.22370000;16.16050000;2023-12-24T21:09:30;3;3;2
76534;PMS7003;65380;51.22370000;16.16050000;2023-12-24T21:09:39;3;3;2
76534;PMS7003;65380;51.22370000;16.16050000;2023-12-24T21:12:36;4;4;2
76534;PMS7003;65380;51.22370000;16.16050000;2023-12-24T21:12:48;4;4;2
76534;PMS7003;65380;51.22370000;16.16050000;2023-12-24T21:15:42;5;5;3
76534;PMS7003;65380;51.22370000;16.16050000;2023-12-24T21:15:54;5;5;3
76534;PMS7003;65380;51.22370000;16.16050000;2023-12-24T21:18:52;2;2;1
76534;PMS7003;65380;51.22370000;16.16050000;2023-12-24T21:18:59;2;2;1
76534;PMS7003;65380;51.22370000;16.16050000;2023-12-24T21:21:59;4;4;3
76534;PMS7003;65380;51.22370000;16.16050000;2023-12-24T21:22:09;0;0;0
76534;PMS7003;65380;51.22370000;16.16050000;2023-12-24T21:25:05;0;0;0
76534;PMS7003;65380;51.22370000;16.16050000;2023-12-24T21:25:15;0;0;0
76534;PMS7003;65380;51.22370000;16.16050000;2023-12-24T21:28:12;3;3;2
76534;PMS7003;65380;51.22370000;16.16050000;2023-12-24T21:28:22;3;3;2
76534;PMS7003;65380;51.22370000;16.16050000;2023-12-24T21:31:18;0;0;0
76534;PMS7003;65380;51.22370000;16.16050000;2023-12-24T21:31:28;0;0;0
76534;PMS7003;65380;51.22370000;16.16050000;2023-12-24T21:34:24;2;2;2
76534;PMS7003;65380;51.22370000;16.16050000;2023-12-24T21:34:34;2;2;2
76534;PMS7003;65380;51.22370000;16.16050000;2023-12-24T21:37:30;8;4;1
76534;PMS7003;65380;51.22370000;16.16050000;2023-12-24T21:37:40;8;4;1
76534;PMS7003;65380;51.22370000;16.16050000;2023-12-24T21:40:37;9;9;5
76534;PMS7003;65380;51.22370000;16.16050000;2023-12-24T21:40:46;9;9;5
76534;PMS7003;65380;51.22370000;16.16050000;2023-12-24T21:43:43;9;2;1
76534;PMS7003;65380;51.22370000;16.16050000;2023-12-24T21:43:51;9;2;1
76534;PMS7003;65380;51.22370000;16.16050000;2023-12-24T21:46:53;24;16;10
76534;PMS7003;65380;51.22370000;16.16050000;2023-12-24T21:46:59;24;16;10
76534;PMS7003;65380;51.22370000;16.16050000;2023-12-24T21:49:59;8;8;6
76534;PMS7003;65380;51.22370000;16.16050000;2023-12-24T21:50:10;8;8;3
76534;PMS7003;65380;51.22370000;16.16050000;2023-12-24T21:53:06;12;11;5
76534;PMS7003;65380;51.22370000;16.16050000;2023-12-24T21:53:16;12;11;5
76534;PMS7003;65380;51.22370000;16.16050000;2023-12-24T21:56:16;8;8;3
76534;PMS7003;65380;51.22370000;16.16050000;2023-12-24T21:56:22;8;8;3
76534;PMS7003;65380;51.22370000;16.16050000;2023-12-24T21:59:22;22;17;8
76534;PMS7003;65380;51.22370000;16.16050000;2023-12-24T21:59:28;22;17;8
76534;PMS7003;65380;51.22370000;16.16050000;2023-12-24T22:02:28;8;8;4
76534;PMS7003;65380;51.22370000;16.16050000;2023-12-24T22:02:35;8;8;4
76534;PMS7003;65380;51.22370000;16.16050000;2023-12-24T22:05:35;24;15;8
76534;PMS7003;65380;51.22370000;16.16050000;2023-12-24T22:05:41;24;15;8
76534;PMS7003;65380;51.22370000;16.16050000;2023-12-24T22:08:43;13;13;11
76534;PMS7003;65380;51.22370000;16.16050000;2023-12-24T22:08:48;13;13;11
76534;PMS7003;65380;51.22370000;16.16050000;2023-12-24T22:11:49;11;11;5
76534;PMS7003;65380;51.22370000;16.16050000;2023-12-24T22:11:56;11;11;5
76534;PMS7003;65380;51.22370000;16.16050000;2023-12-24T22:14:56;0;0;0
76534;PMS7003;65380;51.22370000;16.16050000;2023-12-24T22:15:02;0;0;0
76534;PMS7003;65380;51.22370000;16.16050000;2023-12-24T22:18:06;4;4;4
76534;PMS7003;65380;51.22370000;16.16050000;2023-12-24T22:18:12;4;4;4
76534;PMS7003;65380;51.22370000;16.16050000;2023-12-24T22:21:12;1;1;1
76534;PMS7003;65380;51.22370000;16.16050000;2023-12-24T22:21:18;1;1;1
76534;PMS7003;65380;51.22370000;16.16050000;2023-12-24T22:24:18;11;2;1
76534;PMS7003;65380;51.22370000;16.16050000;2023-12-24T22:24:26;11;2;1
76534;PMS7003;65380;51.22370000;16.16050000;2023-12-24T22:27:26;8;5;1
76534;PMS7003;65380;51.22370000;16.16050000;2023-12-24T22:27:32;8;5;1
76534;PMS7003;65380;51.22370000;16.16050000;2023-12-24T22:30:32;2;1;0
76534;PMS7003;65380;51.22370000;16.16050000;2023-12-24T22:30:38;2;1;0
76534;PMS7003;65380;51.22370000;16.16050000;2023-12-24T22:33:38;5;3;3
76534;PMS7003;65380;51.22370000;16.16050000;2023-12-24T22:33:44;5;3;3
76534;PMS7003;65380;51.22370000;16.16050000;2023-12-24T22:36:44;5;5;2
76534;PMS7003;65380;51.22370000;16.16050000;2023-12-24T22:36:50;5;5;2
76534;PMS7003;65380;51.22370000;16.16050000;2023-12-24T22:39:50;9;6;3
76534;PMS7003;65380;51.22370000;16.16050000;2023-12-24T22:39:56;9;6;3
76534;PMS7003;65380;51.22370000;16.16050000;2023-12-24T22:42:56;6;6;4
76534;PMS7003;65380;51.22370000;16.16050000;2023-12-24T22:43:03;6;6;4
76534;PMS7003;65380;51.22370000;16.16050000;2023-12-24T22:46:03;5;2;2
76534;PMS7003;65380;51.22370000;16.16050000;2023-12-24T22:46:09;5;2;2
76534;PMS7003;65380;51.22370000;16.16050000;2023-12-24T22:49:09;2;2;2
76534;PMS7003;65380;51.22370000;16.16050000;2023-12-24T22:49:15;2;2;2
76534;PMS7003;65380;51.22370000;16.16050000;2023-12-24T22:52:15;21;15;6
76534;PMS7003;65380;51.22370000;16.16050000;2023-12-24T22:52:22;21;15;6
76534;PMS7003;65380;51.22370000;16.16050000;2023-12-24T22:55:22;1;1;1
76534;PMS7003;65380;51.22370000;16.16050000;2023-12-24T22:55:28;1;1;1
76534;PMS7003;65380;51.22370000;16.16050000;2023-12-24T22:58:28;3;1;0
76534;PMS7003;65380;51.22370000;16.16050000;2023-12-24T22:58:34;3;1;0
76534;PMS7003;65380;51.22370000;16.16050000;2023-12-24T23:01:34;13;10;6
76534;PMS7003;65380;51.22370000;16.16050000;2023-12-24T23:01:44;13;10;6
76534;PMS7003;65380;51.22370000;16.16050000;2023-12-24T23:04:40;3;3;2
76534;PMS7003;65380;51.22370000;16.16050000;2023-12-24T23:04:50;3;3;2
76534;PMS7003;65380;51.22370000;16.16050000;2023-12-24T23:07:48;4;4;4
76534;PMS7003;65380;51.22370000;16.16050000;2023-12-24T23:07:56;4;4;4
76534;PMS7003;65380;51.22370000;16.16050000;2023-12-24T23:10:55;6;5;4
76534;PMS7003;65380;51.22370000;16.16050000;2023-12-24T23:11:05;5;2;0
76534;PMS7003;65380;51.22370000;16.16050000;2023-12-24T23:14:01;1;1;0
76534;PMS7003;65380;51.22370000;16.16050000;2023-12-24T23:14:11;1;1;0
76534;PMS7003;65380;51.22370000;16.16050000;2023-12-24T23:17:07;27;18;14
76534;PMS7003;65380;51.22370000;16.16050000;2023-12-24T23:17:16;27;18;14
76534;PMS7003;65380;51.22370000;16.16050000;2023-12-24T23:20:14;34;29;19
76534;PMS7003;65380;51.22370000;16.16050000;2023-12-24T23:20:22;34;29;19
76534;PMS7003;65380;51.22370000;16.16050000;2023-12-24T23:23:20;29;21;12
76534;PMS7003;65380;51.22370000;16.16050000;2023-12-24T23:23:28;29;21;12
76534;PMS7003;65380;51.22370000;16.16050000;2023-12-24T23:26:26;4;4;3
76534;PMS7003;65380;51.22370000;16.16050000;2023-12-24T23:26:33;4;4;3
76534;PMS7003;65380;51.22370000;16.16050000;2023-12-24T23:29:32;11;10;7
76534;PMS7003;65380;51.22370000;16.16050000;2023-12-24T23:29:39;11;10;7
76534;PMS7003;65380;51.22370000;16.16050000;2023-12-24T23:32:38;3;2;1
76534;PMS7003;65380;51.22370000;16.16050000;2023-12-24T23:32:45;3;2;1
76534;PMS7003;65380;51.22370000;16.16050000;2023-12-24T23:35:47;11;10;6
76534;PMS7003;65380;51.22370000;16.16050000;2023-12-24T23:35:53;11;10;6
76534;PMS7003;65380;51.22370000;16.16050000;2023-12-24T23:38:53;9;5;3
76534;PMS7003;65380;51.22370000;16.16050000;2023-12-24T23:38:59;9;5;3
76534;PMS7003;65380;51.22370000;16.16050000;2023-12-24T23:41:59;10;10;5
76534;PMS7003;65380;51.22370000;16.16050000;2023-12-24T23:42:05;10;10;5
76534;PMS7003;65380;51.22370000;16.16050000;2023-12-24T23:45:06;15;6;3
76534;PMS7003;65380;51.22370000;16.16050000;2023-12-24T23:45:12;15;6;3
76534;PMS7003;65380;51.22370000;16.16050000;2023-12-24T23:48:12;1;1;1
76534;PMS7003;65380;51.22370000;16.16050000;2023-12-24T23:48:19;1;1;1
76534;PMS7003;65380;51.22370000;16.16050000;2023-12-24T23:51:18;10;1;1
76534;PMS7003;65380;51.22370000;16.16050000;2023-12-24T23:51:24;10;1;1
76534;PMS7003;65380;51.22370000;16.16050000;2023-12-24T23:54:24;8;8;5
76534;PMS7003;65380;51.22370000;16.16050000;2023-12-24T23:54:30;8;8;5
76534;PMS7003;65380;51.22370000;16.16050000;2023-12-24T23:57:30;5;5;0
76534;PMS7003;65380;51.22370000;16.16050000;2023-12-24T23:57:36;5;5;0
