date, pm25, pm10, no2
2023/12/1, 58, 15, 17
2023/12/2, 38, 18, 13
2023/12/3, 55, 20, 15
2023/12/4, 57, 26, 8
2023/12/5, 78, 49, 13
2023/12/6, 137, 48, 17
2023/12/7, 136, 19, 11
2023/12/8, 59, 19, 11
2023/12/9, 57, 11, 12
2023/12/10, 24, 13, 20
2023/12/11, 32, 11, 7
2023/12/12, 27, 9, 4
2023/12/13, 19, 12, 13
2023/12/14, 24, 18, 14
2023/12/15, 49, 12, 7
2023/12/16, 27, 15, 5
2023/12/17, 37, 14, 10
2023/12/18, 36, 8, 12
2023/12/19, 9, 13, 10
2023/12/20, 19, 14, 8
2023/12/21, 36, 12, 8
2023/12/22, 18, 9, 11
2023/12/23, 15, 8, 4
2023/12/24, 18, 18, 6
2023/12/25, 34, 11, 4
2023/12/26, 16, 13, 13
2023/12/27, 20, 9, 3
2023/12/28, 14, , 
2023/11/1, 16, 9, 9
2023/11/2, 8, 11, 11
2023/11/3, 18, 9, 7
2023/11/4, 13, 9, 9
2023/11/5, 26, 10, 9
2023/11/6, 15, 13, 9
2023/11/7, 30, 12, 10
2023/11/8, 22, 9, 12
2023/11/9, 28, 11, 12
2023/11/10, 20, 17, 15
2023/11/11, 45, 14, 8
2023/11/12, 38, 17, 10
2023/11/13, 43, 11, 8
2023/11/14, 16, 10, 11
2023/11/15, 16, 6, 8
2023/11/16, 7, 9, 11
2023/11/17, 17, 11, 9
2023/11/18, 23, 12, 8
2023/11/19, 27, 14, 13
2023/11/20, 34, 10, 5
2023/11/21, 15, 12, 15
2023/11/22, 18, 13, 6
2023/11/23, 24, 9, 11
2023/11/24, 9, 8, 12
2023/11/25, 7, 12, 16
2023/11/26, 27, 10, 7
2023/11/27, 33, 9, 10
2023/11/28, 18, 11, 12
2023/11/29, 23, 21, 26
2023/11/30, 55, 21, 23
2023/10/1, 34, 25, 14
2023/10/2, 66, 19, 6
2023/10/3, 44, 13, 11
2023/10/4, 20, 13, 14
2023/10/5, 16, 13, 9
2023/10/6, 27, , 
2023/10/8, 10, 9, 14
2023/10/9, 13, 18, 12
2023/10/10, 42, 19, 10
2023/10/11, 42, 18, 16
2023/10/12, 26, 18, 10
2023/10/13, 33, 14, 8
2023/10/14, 18, 9, 6
2023/10/15, 12, 14, 18
2023/10/16, 25, 13, 18
2023/10/17, 17, 12, 12
2023/10/18, 21, 15, 3
2023/10/19, 35, 8, 1
2023/10/20, 17, 9, 6
2023/10/21, 19, 9, 8
2023/10/22, 11, 15, 15
2023/10/23, 28, 16, 9
2023/10/24, 42, 20, 11
2023/10/25, 54, 9, 4
2023/10/26, 28, 6, 4
2023/10/27, 7, 11, 5
2023/10/28, 31, 10, 6
2023/10/29, 16, 13, 11
2023/10/30, 20, 8, 9
2023/10/31, 16, 11, 12
2023/7/1, 17, 18, 2
2023/7/2, 27, 13, 6
2023/7/3, 16, 12, 5
2023/7/4, 12, 13, 5
2023/7/5, 18, 11, 8
2023/7/6, 10, 14, 16
2023/7/7, 24, 17, 8
2023/7/8, 34, 17, 5
2023/7/9, 27, 17, 10
2023/7/10, 36, 15, 10
2023/7/11, 22, 12, 6
2023/7/12, 16, 12, 6
2023/7/13, 14, 13, 9
2023/7/14, 21, 14, 4
2023/7/15, 19, 12, 2
2023/7/16, 16, 12, 6
2023/7/17, 17, 12, 7
2023/7/18, 18, 8, 8
2023/7/20, 8, 9, 7
2023/7/21, 7, 9, 5
2023/7/22, 17, 11, 2
2023/7/23, 19, 13, 6
2023/7/24, 23, 11, 5
2023/7/25, 9, 10, 6
2023/7/26, 8, 10, 7
2023/7/27, 15, 10, 9
2023/7/28, 14, 10, 5
2023/7/29, 18, 12, 3
2023/7/30, 23, 8, 7
2023/7/31, 10, 8, 7
2023/8/1, 7, 10, 6
2023/8/2, 13, 9, 7
2023/8/3, 8, 12, 6
2023/8/4, 14, 11, 5
2023/8/5, 11, 11, 6
2023/8/6, 13, 16, 3
2023/8/7, 22, 12, 3
2023/8/8, 14, 14, 4
2023/8/9, 17, 14, 7
2023/8/10, 17, 17, 12
2023/8/11, 22, 14, 9
2023/8/12, 26, 13, 4
2023/8/13, 19, 16, 10
2023/8/14, 21, 18, 11
2023/8/15, 33, 12, 8
2023/8/16, 14, 10, 6
2023/8/17, 9, 13, 3
2023/8/18, 27, 20, 6
2023/8/19, 51, 14, 5
2023/8/20, 29, 13, 8
2023/8/21, 24, 13, 12
2023/8/22, 15, 15, 9
2023/8/23, 25, 12, 9
2023/8/24, 11, 20, 15
2023/8/25, 49, 11, 8
2023/8/26, 21, 10, 8
2023/8/27, 17, 9, 11
2023/8/28, 13, 12, 16
2023/8/29, 17, 15, 15
2023/8/30, 31, 11, 10
2023/8/31, 30, 10, 13
2023/9/1, 12, 11, 13
2023/9/2, 21, 9, 8
2023/9/3, 13, 15, 20
2023/9/4, 28, 17, 22
2023/9/5, 28, 20, 12
2023/9/6, 41, 18, 10
2023/9/7, 36, 25, 25
2023/9/8, 52, 26, 24
2023/9/9, 57, 33, 15
2023/9/10, 88, 32, 20
2023/9/11, 62, 26, 16
2023/9/12, 62, 11, 10
2023/9/13, 12, 13, 18
2023/9/14, 14, 15, 17
2023/9/15, 25, 17, 18
2023/9/16, 32, 16, 8
2023/9/17, 37, 18, 13
2023/9/18, 37, 14, 6
2023/9/19, 14, 12, 10
2023/9/20, 16, 12, 15
2023/9/21, 11, 12, 14
2023/9/22, 26, 11, 12
2023/9/23, 24, 10, 10
2023/9/24, 13, 12, 17
2023/9/25, 16, 19, 25
2023/9/26, 35, 22, 27
2023/9/27, 49, 21, 17
2023/9/28, 43, 18, 16
2023/9/29, 36, 15, 10
2023/9/30, 22, 15, 9
2023/4/3, 31, 16, 19
2023/4/4, 28, 20, 20
2023/4/5, 40, 26, 19
2023/4/6, 61, 14, 3
2023/4/7, 44, 19, 5
2023/4/8, 58, 31, 13
2023/4/9, 85, , 
2023/4/11, 18, 9, 11
2023/4/12, 26, 9, 15
2023/4/13, 26, 16, 18
2023/4/14, 37, , 
2023/4/16, 71, 29, 10
2023/4/17, 69, 20, 6
2023/4/18, 54, 15, 9
2023/4/19, 26, 17, 5
2023/4/20, 41, 20, 6
2023/4/21, 49, 20, 9
2023/4/22, 46, 15, 9
2023/4/23, 48, 11, 11
2023/4/24, 33, 16, 10
2023/4/25, 32, 11, 12
2023/4/26, 23, 13, 19
2023/4/27, 26, 19, 13
2023/4/28, 47, 13, 10
2023/4/29, 36, 14, 11
2023/4/30, 36, 13, 9
2023/5/1, 35, 16, 10
2023/5/2, 35, 16, 17
2023/5/3, 32, 21, 13
2023/5/4, 43, 15, 2
2023/5/5, 29, 10, 4
2023/5/6, 31, 12, 3
2023/5/7, 38, 15, 12
2023/5/8, 30, 18, 12
2023/5/9, 37, 17, 15
2023/5/10, 48, 20, 13
2023/5/11, 61, 23, 14
2023/5/12, 51, 24, 10
2023/5/13, 57, 22, 12
2023/5/14, 53, 28, 18
2023/5/15, 64, 15, 11
2023/5/16, 32, 16, 12
2023/5/17, 30, 13, 9
2023/5/18, 33, 16, 13
2023/5/19, 40, 9, 6
2023/5/20, 19, 17, 8
2023/5/21, 45, 22, 10
2023/5/22, 50, 17, 13
2023/5/23, 41, 22, 11
2023/5/24, 51, 24, 14
2023/5/25, 52, 29, 15
2023/5/26, 52, 17, 11
2023/5/27, 45, 12, 10
2023/5/28, 35, 16, 7
2023/5/29, 35, 16, 15
2023/5/30, 36, 27, 18
2023/5/31, 43, 62, 16
2023/6/1, 65, 15, 10
2023/6/2, 25, 12, 12
2023/6/3, 21, 12, 11
2023/6/4, 31, 23, 16
2023/6/5, 42, 22, 20
2023/6/6, 44, 21, 20
2023/6/7, 44, 23, 16
2023/6/8, 47, 20, 12
2023/6/9, 35, 18, 4
2023/6/10, 20, 18, 4
2023/6/11, 18, 22, 12
2023/6/12, 28, 18, 6
2023/6/13, 18, 20, 13
2023/6/14, 26, 26, 24
2023/6/15, 41, 24, 24
2023/6/16, 55, 18, 16
2023/6/17, 44, 21, 13
2023/6/18, 49, 22, 17
2023/6/19, 48, 17, 13
2023/6/20, 38, 17, 16
2023/6/21, 37, 12, 15
2023/6/22, 19, 12, 14
2023/6/23, 19, 13, 13
2023/6/24, 23, 16, 11
2023/6/25, 29, 18, 15
2023/6/26, 32, 13, 9
2023/6/27, 13, 11, 18
2023/6/28, 14, 20, 9
2023/6/29, 48, 11, 9
2023/6/30, 12, 11, 6
2023/1/2, 27, 14, 17
2023/1/3, 34, 9, 7
2023/1/4, 31, 12, 12
2023/1/5, 28, 10, 10
2023/1/6, 29, 11, 8
2023/1/7, 38, 7, 11
2023/1/8, 23, 12, 20
2023/1/9, 37, 15, 13
2023/1/10, 46, 4, 6
2023/1/11, 10, 6, 9
2023/1/12, 18, 12, 8
2023/1/13, 33, 10, 6
2023/1/14, 29, 7, 3
2023/1/15, 17, 7, 13
2023/1/16, 19, 6, 14
2023/1/17, 15, 16, 17
2023/1/18, 54, 14, 13
2023/1/19, 46, 17, 18
2023/1/20, 55, 11, 11
2023/1/21, 43, 8, 3
2023/1/22, 24, 15, 11
2023/1/23, 49, 24, 19
2023/1/24, 62, 29, 14
2023/1/25, 81, 15, 14
2023/1/26, 47, 5, 7
2023/1/27, 14, 18, 17
2023/1/28, 57, 11, 7
2023/1/29, 42, 13, 8
2023/1/30, 38, , 
2023/2/7, 56, 42, 23
2023/2/8, 90, 53, 21
2023/2/9, 80, 25, 18
2023/2/10, 63, 13, 7
2023/2/11, 38, , 
2023/2/15, 100, 49, 17
2023/2/16, 135, 13, 8
2023/2/17, 46, 19, 2
2023/2/18, 46, , 
2023/2/22, 43, 16, 4
2023/2/23, 55, , 
2023/3/16, 25, 18, 15
2023/3/17, 35, , 
2023/3/19, 62, 15, 14
2023/3/20, 44, 15, 15
2023/3/21, 52, 16, 10
2023/3/22, 50, 15, 13
2023/3/23, 40, 12, 11
2023/3/24, 31, 7, 14
2023/3/25, 20, 6, 8
2023/3/26, 11, 11, 15
2023/3/27, 18, 18, 23
2023/3/28, 26, 20, 20
2023/3/29, 60, 18, 13
2023/3/30, 53, 18, 18
2023/3/31, 52, , 
2022/10/1, 23, 9, 7
2022/10/2, 21, 11, 7
2022/10/3, 27, 15, 13
2022/10/4, 41, 15, 10
2022/10/5, 43, 15, 9
2022/10/6, 28, 14, 11
2022/10/7, 32, 10, 9
2022/10/8, 23, 10, 9
2022/10/9, 25, 13, 12
2022/10/10, 29, 13, 16
2022/10/11, 28, 18, 16
2022/10/12, 41, 26, 14
2022/10/13, 61, 28, 14
2022/10/14, 75, 18, 9
2022/10/15, 55, 13, 7
2022/10/16, 29, 14, 12
2022/10/17, 32, 16, 10
2022/10/18, 39, 12, 12
2022/10/19, 28, 13, 10
2022/10/20, 29, 22, 12
2022/10/21, 55, 19, 12
2022/10/22, 53, 14, 7
2022/10/23, 40, 11, 8
2022/10/24, 22, 15, 11
2022/10/25, 39, 19, 15
2022/10/26, 44, 19, 14
2022/10/27, 47, 30, 14
2022/10/28, 53, 19, 13
2022/10/29, 50, 36, 11
2022/10/30, 79, 20, 9
2022/10/31, 59, 23, 10
2022/11/1, 54, 10, 11
2022/11/2, 24, 12, 11
2022/11/3, 28, 9, 13
2022/11/4, 26, 11, 10
2022/11/5, 30, 9, 5
2022/11/6, 30, 10, 8
2022/11/7, 30, 10, 11
2022/11/8, 25, 9, 11
2022/11/9, 22, 13, 10
2022/11/10, 35, 17, 10
2022/11/11, 49, 26, 13
2022/11/12, 74, 16, 7
2022/11/13, 57, 34, 9
2022/11/14, 84, 28, 11
2022/11/15, 72, 18, 4
2022/11/16, 53, 18, 2
2022/11/17, 44, 14, 6
2022/11/18, 37, 6, 12
2022/11/19, 19, 8, 14
2022/11/20, 27, 14, 17
2022/11/21, 54, 22, 10
2022/11/22, 69, 19, 12
2022/11/23, 61, 18, 18
2022/11/24, 54, 17, 17
2022/11/25, 55, 14, 13
2022/11/26, 50, 20, 8
2022/11/27, 62, 17, 10
2022/11/28, 55, 39, 8
2022/11/29, 110, 48, 7
2022/11/30, 137, 41, 7
2022/12/1, 116, 25, 8
2022/12/2, 74, 16, 7
2022/12/3, 58, 21, 4
2022/12/4, 69, 8, 5
2022/12/5, 30, 9, 14
2022/12/6, 28, 13, 19
2022/12/7, 35, 9, 19
2022/12/8, 35, 18, 18
2022/12/9, 63, 19, 16
2022/12/10, 65, 31, 22
2022/12/11, 89, 25, 24
2022/12/12, 76, 34, 21
2022/12/13, 97, 37, 25
2022/12/14, 81, 28, 26
2022/12/15, 77, 22, 20
2022/12/16, 72, 37, 22
2022/12/17, 107, 20, 12
2022/12/18, 67, 17, 12
2022/12/19, 59, 13, 12
2022/12/20, 46, 16, 16
2022/12/21, 53, 16, 14
2022/12/22, 54, 18, 17
2022/12/23, 51, 10, 10
2022/12/24, 38, 15, 9
2022/12/25, 51, 11, 7
2022/12/26, 36, 9, 12
2022/12/27, 25, 6, 7
2022/12/28, 25, 7, 6
2022/12/29, 21, 11, 7
2022/12/30, 29, 6, 5
2022/12/31, 20, 20, 4
2023/1/1, 47, 8, 9
2022/7/1, 26, 13, 10
2022/7/2, 24, 10, 10
2022/7/3, 12, 10, 9
2022/7/4, 14, 10, 8
2022/7/5, 12, 7, 7
2022/7/6, 7, 10, 7
2022/7/7, 15, 9, 7
2022/7/8, 12, 7, 4
2022/7/9, 7, 9, 4
2022/7/10, 8, 8, 10
2022/7/11, 10, 7, 8
2022/7/12, 7, 11, 11
2022/7/13, 14, 8, 8
2022/7/14, 7, 7, 7
2022/7/16, 7, 9, 5
2022/7/17, 7, 13, 16
2022/7/18, 16, 16, 18
2022/7/19, 23, 24, 16
2022/7/20, 34, 20, 12
2022/7/21, 43, 10, 7
2022/7/22, 14, 8, 7
2022/7/23, 15, 13, 11
2022/7/24, 20, 17, 14
2022/7/25, 27, 10, 6
2022/7/26, 15, 10, 7
2022/7/27, 7, 11, 15
2022/7/28, 12, 13, 9
2022/7/29, 13, 17, 10
2022/7/30, 21, 20, 11
2022/7/31, 41, 15, 9
2022/8/1, 24, 13, 14
2022/8/2, 17, 18, 14
2022/8/3, 25, 19, 16
2022/8/4, 26, 10, 10
2022/8/5, 13, 8, 8
2022/8/6, 12, 11, 8
2022/8/7, 16, 11, 15
2022/8/8, 14, 11, 9
2022/8/9, 15, 14, 16
2022/8/10, 16, 17, 15
2022/8/11, 20, 19, 13
2022/8/12, 15, 20, 14
2022/8/13, 21, 20, 5
2022/8/14, 25, 24, 11
2022/8/15, 41, 24, 19
2022/8/16, 50, 30, 16
2022/8/17, 65, 22, 18
2022/8/18, 47, 32, 7
2022/8/19, 67, , 
2022/8/22, 19, 13, 10
2022/8/23, 17, 14, 8
2022/8/24, 14, 15, 5
2022/8/25, 25, 29, 11
2022/8/26, 53, 19, 8
2022/8/27, 34, 15, 6
2022/8/28, 23, 11, 9
2022/8/29, 23, 9, 10
2022/8/30, 10, 9, 12
2022/8/31, 11, 9, 12
2022/9/1, 12, 9, 9
2022/9/2, 12, 9, 3
2022/9/4, 12, 16, 6
2022/9/5, 15, 14, 6
2022/9/7, 27, 15, 9
2022/9/8, 26, 18, 17
2022/9/9, 40, 13, 14
2022/9/10, 26, 10, 10
2022/9/11, 18, 15, 18
2022/9/12, 23, 11, 9
2022/9/13, 24, 9, 12
2022/9/14, 11, 9, 11
2022/9/15, 8, 8, 11
2022/9/16, 7, 10, 10
2022/9/17, 15, 7, 6
2022/9/18, 8, , 
2022/9/20, 20, 10, 17
2022/9/21, 23, 15, 20
2022/9/22, 35, 15, 20
2022/9/23, 31, 21, 17
2022/9/24, 62, 14, 11
2022/9/25, 42, 7, 9
2022/9/26, 20, 6, 16
2022/9/27, 19, 14, 14
2022/9/28, 43, 11, 15
2022/9/29, 35, 14, 15
2022/9/30, 42, 9, 9
2022/4/1, 15, 9, 9
2022/4/2, 18, 10, 10
2022/4/3, 26, 10, 8
2022/4/4, 24, 9, 13
2022/4/5, 14, 9, 12
2022/4/6, 23, 7, 9
2022/4/7, 13, 9, 9
2022/4/8, 16, 9, 7
2022/4/9, 18, 8, 6
2022/4/10, 12, 8, 18
2022/4/11, 14, 14, 11
2022/4/12, 37, 22, 15
2022/4/13, 52, 19, 11
2022/4/14, 52, 16, 5
2022/4/15, 49, 16, 10
2022/4/16, 41, 18, 12
2022/4/17, 45, 14, 12
2022/4/18, 35, 16, 15
2022/4/19, 33, 14, 11
2022/4/20, 27, 15, 10
2022/4/21, 31, 13, 4
2022/4/22, 29, 18, 5
2022/4/23, 50, 12, 2
2022/4/24, 29, 12, 8
2022/4/25, 21, 22, 17
2022/4/26, 44, 19, 15
2022/4/27, 34, 20, 17
2022/4/28, 33, 16, 14
2022/4/29, 27, 14, 9
2022/4/30, 22, 11, 11
2022/5/1, 19, 16, 15
2022/5/2, 21, 15, 12
2022/5/3, 24, 13, 14
2022/5/4, 16, 17, 16
2022/5/5, 33, 20, 14
2022/5/6, 46, 20, 10
2022/5/7, 40, 14, 8
2022/5/8, 21, 20, 15
2022/5/9, 25, 23, 17
2022/5/10, 36, 19, 13
2022/5/11, 39, 11, 9
2022/5/12, 15, 16, 11
2022/5/13, 32, 15, 8
2022/5/14, 26, 12, 8
2022/5/15, 30, 14, 7
2022/5/16, 17, 13, 10
2022/5/17, 20, 20, 13
2022/5/18, 36, 27, 19
2022/5/19, 57, 16, 10
2022/5/20, 35, 11, 6
2022/5/21, 16, 10, 6
2022/5/22, 15, 12, 9
2022/5/23, 10, 14, 11
2022/5/24, 26, 14, 12
2022/5/25, 26, 11, 4
2022/5/26, 23, 11, 6
2022/5/27, 17, 11, 5
2022/5/28, 15, 14, 8
2022/5/29, 29, 9, 14
2022/5/30, 9, 9, 16
2022/5/31, 10, 10, 18
2022/6/1, 15, 13, 13
2022/6/2, 21, 13, 16
2022/6/3, 25, 13, 8
2022/6/4, 26, 13, 5
2022/6/5, 30, 11, 4
2022/6/6, 24, 9, 10
2022/6/7, 18, 16, 12
2022/6/8, 34, 13, 11
2022/6/9, 27, 14, 13
2022/6/10, 25, 17, 9
2022/6/11, 35, 13, 7
2022/6/12, 20, 11, 11
2022/6/13, 23, 10, 10
2022/6/14, 12, 13, 16
2022/6/15, 21, 10, 10
2022/6/16, 14, 20, 19
2022/6/17, 40, 14, 9
2022/6/18, 26, 12, 11
2022/6/19, 18, 10, 12
2022/6/20, 15, 11, 10
2022/6/21, 15, 13, 14
2022/6/22, 31, 11, 10
2022/6/23, 19, 13, 13
2022/6/24, 18, 15, 15
2022/6/25, 32, 14, 10
2022/6/26, 35, 13, 13
2022/6/27, 28, 10, 12
2022/6/28, 13, 11, 8
2022/6/29, 17, 12, 4
2022/6/30, 21, 12, 14
2022/1/3, 34, 11, 13
2022/1/4, 26, 6, 9
2022/1/5, 8, 10, 21
2022/1/6, 27, 22, 12
2022/1/7, 63, 14, 8
2022/1/8, 44, , 
2022/1/10, 95, 24, 14
2022/1/11, 64, 21, 18
2022/1/12, 56, 14, 10
2022/1/13, 40, 14, 15
2022/1/14, 32, 21, 23
2022/1/15, 49, 20, 9
2022/1/16, 55, 16, 14
2022/1/17, 33, 11, 17
2022/1/18, 26, 21, 11
2022/1/19, 57, 12, 9
2022/1/20, 18, 12, 17
2022/1/21, 18, 8, 15
2022/1/22, 20, 9, 8
2022/1/23, 20, 25, 17
2022/1/24, 65, 18, 15
2022/1/25, 45, 21, 10
2022/1/26, 57, 15, 7
2022/1/27, 38, 18, 15
2022/1/28, 35, 15, 2
2022/1/29, 36, 16, 4
2022/1/30, 38, 16, 16
2022/1/31, 45, 11, 13
2022/2/1, 27, 14, 14
2022/2/2, 29, 14, 15
2022/2/3, 41, 16, 11
2022/2/4, 48, 7, 6
2022/2/5, 16, 7, 7
2022/2/6, 13, 13, 12
2022/2/7, 33, 13, 13
2022/2/8, 37, 11, 12
2022/2/9, 29, 16, 16
2022/2/10, 35, 15, 21
2022/2/11, 30, 15, 12
2022/2/12, 34, 13, 7
2022/2/13, 35, 18, 13
2022/2/14, 35, 11, 13
2022/2/15, 28, 11, 9
2022/2/16, 28, 11, 8
2022/2/17, 26, 12, 11
2022/2/18, 25, 9, 6
2022/2/19, 16, 6, 5
2022/2/20, 17, 8, 13
2022/2/21, 18, 17, 12
2022/2/22, 33, 15, 12
2022/2/23, 30, 10, 9
2022/2/24, 23, 9, 13
2022/2/25, 18, 21, 24
2022/2/26, 43, 13, 12
2022/2/27, 34, 22, 18
2022/2/28, 53, 31, 20
2022/3/1, 66, 34, 18
2022/3/2, 81, 20, 16
2022/3/3, 48, 15, 14
2022/3/4, 33, 8, 10
2022/3/5, 12, 15, 16
2022/3/6, 35, 26, 25
2022/3/7, 54, 25, 29
2022/3/8, 46, 25, 23
2022/3/9, 51, 29, 13
2022/3/10, 66, 25, 8
2022/3/11, 49, 23, 12
2022/3/12, 55, 23, 11
2022/3/13, 60, 38, 21
2022/3/14, 71, 25, 19
2022/3/15, 63, 22, 10
2022/3/16, 52, 25, 13
2022/3/17, 60, 22, 18
2022/3/18, 50, 12, 6
2022/3/19, 32, 25, 3
2022/3/20, 67, 35, 19
2022/3/21, 73, 47, 31
2022/3/22, 84, 55, 28
2022/3/23, 107, 54, 33
2022/3/24, 104, 51, 24
2022/3/25, 111, 27, 12
2022/3/26, 64, 17, 10
2022/3/27, 38, 15, 12
2022/3/28, 35, 15, 14
2022/3/29, 26, 11, 11
2022/3/30, 20, 7, 3
2022/3/31, 12, 9, 4
2021/10/1, 14, 14, 10
2021/10/2, 36, 9, 4
2021/10/3, 19, 11, 15
2021/10/4, 21, 10, 18
2021/10/5, 23, 17, 11
2021/10/6, 51, 17, 22
2021/10/7, 37, 19, 13
2021/10/8, 51, 29, 17
2021/10/9, 62, 24, 16
2021/10/10, 60, 15, 15
2021/10/11, 34, 8, 16
2021/10/12, 26, 10, 19
2021/10/13, 21, 10, 15
2021/10/14, 21, 13, 15
2021/10/15, 26, 10, 16
2021/10/16, 17, 15, 12
2021/10/17, 41, 22, 18
2021/10/18, 57, 20, 12
2021/10/19, 54, 17, 8
2021/10/20, 45, 8, 14
2021/10/21, 15, 7, 14
2021/10/22, 14, 13, 15
2021/10/23, 26, 12, 14
2021/10/24, 28, 20, 17
2021/10/25, 51, 23, 15
2021/10/26, 60, 18, 12
2021/10/27, 49, 20, 15
2021/10/28, 49, 20, 16
2021/10/29, 49, 24, 15
2021/10/30, 61, 18, 7
2021/10/31, 53, 15, 13
2021/11/1, 35, 18, 21
2021/11/2, 43, 27, 20
2021/11/3, 68, 17, 16
2021/11/4, 50, 12, 15
2021/11/5, 28, 17, 7
2021/11/6, 45, 8, 8
2021/11/7, 17, 10, 20
2021/11/8, 23, 18, 13
2021/11/9, 45, 19, 12
2021/11/10, 52, 21, 20
2021/11/11, 56, 21, 12
2021/11/12, 58, 28, 10
2021/11/13, 75, 31, 6
2021/11/14, 82, 28, 12
2021/11/15, 72, 25, 15
2021/11/16, 67, 13, 14
2021/11/17, 38, 11, 12
2021/11/18, 26, 16, 8
2021/11/19, 37, 14, 8
2021/11/20, 34, 7, 10
2021/11/21, 13, 9, 19
2021/11/22, 17, 8, 22
2021/11/23, 15, 8, 20
2021/11/24, 22, 17, 19
2021/11/25, 44, 12, 14
2021/11/26, 33, 17, 9
2021/11/27, 54, 14, 13
2021/11/28, 41, 10, 16
2021/11/29, 28, 10, 14
2021/11/30, 23, 6, 10
2021/12/1, 17, 7, 14
2021/12/2, 13, 14, 13
2021/12/3, 45, 14, 11
2021/12/4, 45, 10, 5
2021/12/5, 29, 10, 13
2021/12/6, 32, 26, 12
2021/12/7, 69, 25, 12
2021/12/8, 69, 37, 13
2021/12/9, 96, 36, 15
2021/12/10, 91, 24, 16
2021/12/11, 67, 18, 10
2021/12/12, 52, 15, 17
2021/12/13, 43, 15, 19
2021/12/14, 44, 17, 12
2021/12/15, 48, 13, 17
2021/12/16, 32, 8, 15
2021/12/17, 15, 8, 11
2021/12/18, 23, 9, 8
2021/12/19, 17, 14, 26
2021/12/20, 30, 21, 26
2021/12/21, 56, 23, 20
2021/12/22, 64, 25, 17
2021/12/23, 69, 14, 12
2021/12/24, 45, 16, 23
2021/12/25, 42, 19, 20
2021/12/26, 45, 28, 12
2021/12/27, 72, 35, 12
2021/12/28, 94, 41, 15
2021/12/29, 98, 14, 12
2021/12/30, 36, 10, 5
2021/12/31, 27, 24, 6
2022/1/1, 62, 11, 5
2022/1/2, 29, 14, 8
2021/7/1, 27, 16, 11
2021/7/2, 31, 10, 9
2021/7/3, 22, 11, 6
2021/7/4, 24, 14, 15
2021/7/5, 32, 13, 11
2021/7/6, 19, 14, 15
2021/7/7, 17, 16, 15
2021/7/8, 31, 14, 15
2021/7/9, 27, 16, 9
2021/7/10, 39, 14, 6
2021/7/11, 29, 16, 5
2021/7/12, 31, 19, 9
2021/7/13, 49, 21, 8
2021/7/14, 53, 29, 14
2021/7/15, 65, 19, 12
2021/7/16, 37, 13, 7
2021/7/17, 19, 10, 4
2021/7/18, 16, 12, 9
2021/7/19, 18, 12, 11
2021/7/20, 23, 12, 11
2021/7/21, 25, 12, 13
2021/7/22, 19, 12, 13
2021/7/23, 23, 16, 9
2021/7/24, 31, 19, 5
2021/7/25, 47, 21, 19
2021/7/26, 46, 17, 18
2021/7/27, 40, 14, 12
2021/7/28, 29, 12, 8
2021/7/29, 14, 13, 12
2021/7/30, 21, 10, 8
2021/7/31, 17, 8, 6
2021/8/1, 13, 7, 14
2021/8/4, 11, 10, 8
2021/8/5, 10, 11, 15
2021/8/6, 18, 12, 12
2021/8/7, 27, 11, 9
2021/8/8, 22, 11, 13
2021/8/9, 19, 12, 14
2021/8/10, 25, 13, 16
2021/8/11, 26, 16, 23
2021/8/12, 32, 18, 19
2021/8/13, 39, 13, 8
2021/8/14, 21, 10, 8
2021/8/15, 19, 8, 14
2021/8/16, 11, 12, 10
2021/8/17, 22, 13, 9
2021/8/18, 24, 11, 11
2021/8/19, 20, 10, 16
2021/8/20, 18, 11, 12
2021/8/21, 19, 10, 5
2021/8/22, 16, 10, 13
2021/8/23, 9, 13, 18
2021/8/24, 19, 12, 12
2021/8/25, 20, 13, 8
2021/8/26, 30, 8, 9
2021/8/27, 19, 10, 9
2021/8/28, 19, 12, 8
2021/8/29, 38, 17, 13
2021/8/30, 42, 16, 16
2021/8/31, 32, 18, 14
2021/9/1, 39, 21, 16
2021/9/2, 50, 19, 13
2021/9/3, 43, 16, 11
2021/9/4, 35, 12, 6
2021/9/5, 19, 17, 20
2021/9/6, 36, 22, 23
2021/9/7, 47, 24, 24
2021/9/8, 48, 31, 26
2021/9/9, 58, 28, 26
2021/9/10, 65, 21, 11
2021/9/11, 57, 16, 8
2021/9/12, 38, 14, 17
2021/9/13, 22, 12, 15
2021/9/14, 22, 23, 14
2021/9/15, 57, 11, 13
2021/9/16, 21, 7, 12
2021/9/17, 12, 9, 7
2021/9/18, 18, 8, 3
2021/9/19, 12, 12, 14
2021/9/20, 25, 15, 16
2021/9/21, 37, 19, 16
2021/9/22, 43, 24, 10
2021/9/23, 56, 16, 14
2021/9/24, 37, 17, 12
2021/9/25, 38, 13, 14
2021/9/26, 32, 27, 22
2021/9/27, 64, 14, 23
2021/9/28, 27, 12, 15
2021/9/29, 24, 10, 12
2021/9/30, 19, 11, 14
2021/4/1, 64, 14, 16
2021/4/2, 31, 14, 7
2021/4/3, 35, 18, 13
2021/4/4, 43, 13, 8
2021/4/5, 24, 12, 11
2021/4/6, 17, 10, 12
2021/4/7, 13, 17, 12
2021/4/8, 30, 24, 13
2021/4/9, 54, 10, 8
2021/4/10, 9, 10, 5
2021/4/11, 23, 9, 12
2021/4/13, 20, 13, 15
2021/4/14, 23, 31, 27
2021/4/15, 56, 17, 20
2021/4/16, 22, 17, 16
2021/4/17, 27, 18, 9
2021/4/18, 36, 27, 13
2021/4/19, 57, 24, 14
2021/4/20, 38, 32, 16
2021/4/21, 46, 22, 8
2021/4/22, 33, 16, 11
2021/4/23, 25, 12, 8
2021/4/24, 18, 9, 6
2021/4/25, 14, 18, 16
2021/4/26, 18, 15, 15
2021/4/27, 19, 21, 8
2021/4/28, 38, 24, 9
2021/4/29, 65, 22, 12
2021/4/30, 60, 19, 12
2021/5/1, 54, 20, 11
2021/5/2, 54, 12, 12
2021/5/3, 25, 12, 11
2021/5/4, 25, 6, 8
2021/5/5, 7, 12, 10
2021/5/6, 15, 10, 20
2021/5/7, 18, 14, 8
2021/5/8, 35, 12, 8
2021/5/9, 15, 23, 18
2021/5/10, 21, 9, 12
2021/5/11, 10, 13, 12
2021/5/12, 26, 15, 8
2021/5/13, 43, 22, 12
2021/5/14, 59, 14, 13
2021/5/15, 33, 15, 10
2021/5/16, 37, 12, 18
2021/5/17, 21, 13, 18
2021/5/18, 30, 12, 16
2021/5/19, 25, 12, 15
2021/5/20, 19, 14, 16
2021/5/21, 25, 11, 8
2021/5/22, 20, 11, 5
2021/5/23, 15, 10, 6
2021/5/24, 27, 10, 12
2021/5/25, 15, 12, 10
2021/5/26, 27, 9, 12
2021/5/27, 13, 14, 16
2021/5/28, 33, 16, 12
2021/5/29, 38, 20, 11
2021/5/30, 54, 19, 15
2021/5/31, 32, 27, 31
2021/6/1, 45, 13, 6
2021/6/2, 22, 23, 20
2021/6/3, 40, 21, 14
2021/6/4, 47, , 
2021/6/7, 57, 15, 9
2021/6/8, 34, 15, 19
2021/6/9, 19, 20, 21
2021/6/10, 41, , 
2021/6/12, 14, 13, 5
2021/6/13, 21, 18, 16
2021/6/14, 33, 9, 15
2021/6/15, 7, 15, 16
2021/6/16, 22, 23, 20
2021/6/17, 35, 32, 21
2021/6/18, 67, 17, 12
2021/6/19, 35, 17, 6
2021/6/20, 39, 7, 9
2021/6/21, 10, 14, 11
2021/6/22, 20, 18, 11
2021/6/23, 37, 18, 12
2021/6/24, 40, 15, 14
2021/6/25, 31, 21, 14
2021/6/26, 53, 12, 8
2021/6/27, 28, 16, 11
2021/6/28, 27, 16, 18
2021/6/29, 36, 18, 14
2021/6/30, 44, 14, 11
2021/1/8, 23, , 11
2021/1/9, 46, , 10
2021/1/10, 51, 16, 6
2021/1/11, 36, 7, 8
2021/1/12, 10, 7, 17
2021/1/13, 13, 10, 10
2021/1/14, 21, 14, 7
2021/1/15, 25, 25, 11
2021/1/16, 52, 25, 16
2021/1/17, 69, 22, 12
2021/1/18, 54, 16, 15
2021/1/19, 44, 13, 13
2021/1/20, 33, 9, 8
2021/1/21, 12, 7, 7
2021/1/22, 25, , 8
2021/1/24, 77, 13, 12
2021/1/25, 27, 22, 20
2021/1/26, 56, 26, 20
2021/1/27, 69, 15, 15
2021/1/28, 29, 10, 14
2021/1/29, 21, 14, 7
2021/1/30, 38, 20, 13
2021/1/31, 60, 30, 14
2021/2/1, 60, 34, 14
2021/2/2, 85, 21, 17
2021/2/3, 59, 11, 5
2021/2/4, 25, 12, 6
2021/2/5, 29, 7, 4
2021/2/6, 10, 7, 2
2021/2/7, 10, 11, 1
2021/2/8, 13, 8, 3
2021/2/9, 8, 7, 4
2021/2/10, 7, 12, 6
2021/2/11, 18, 13, 14
2021/2/12, 10, 44, 8
2021/2/13, 102, 48, 28
2021/2/14, 94, 34, 21
2021/2/15, 57, 39, 15
2021/2/16, 87, 25, 19
2021/2/17, 67, 19, 16
2021/2/18, 47, 23, 16
2021/2/19, 48, 23, 19
2021/2/20, 44, 38, 14
2021/2/21, 73, 41, 18
2021/2/22, 62, 53, 23
2021/2/23, 83, 36, 21
2021/2/24, 59, 41, 16
2021/2/25, 75, 21, 15
2021/2/26, 43, 13, 12
2021/2/27, 30, 16, 9
2021/2/28, 38, 25, 9
2021/3/1, 53, 25, 19
2021/3/2, 57, 36, 19
2021/3/3, 79, 13, 16
2021/3/4, 27, 16, 11
2021/3/5, 23, 12, 19
2021/3/6, 19, 15, 11
2021/3/7, 28, 17, 6
2021/3/8, 26, 30, 22
2021/3/9, 48, 32, 23
2021/3/10, 66, 15, 19
2021/3/11, 37, 14, 8
2021/3/12, 25, 8, 11
2021/3/13, 23, 10, 9
2021/3/14, 20, 10, 5
2021/3/15, 21, 14, 11
2021/3/16, 22, 22, 15
2021/3/17, 42, 18, 19
2021/3/18, 50, 17, 18
2021/3/19, 30, 13, 15
2021/3/20, 26, 13, 12
2021/3/21, 30, 15, 5
2021/3/22, 27, 20, 16
2021/3/23, 42, 42, 15
2021/3/24, 99, 35, 17
2021/3/25, 80, 32, 20
2021/3/26, 73, 17, 17
2021/3/27, 33, 14, 8
2021/3/28, 32, 16, 5
2021/3/29, 40, 26, 10
2021/3/30, 53, 42, 20
2021/3/31, 85, 26, 30
2020/10/1, 53, 40, 8
2020/10/2, 81, 23, 3
2020/10/3, 63, 7, 10
2020/10/4, 13, 9, 18
2020/10/5, 16, 11, 14
2020/10/6, 21, 13, 12
2020/10/7, 30, 14, 9
2020/10/8, 33, 8, 13
2020/10/9, 7, , 
2020/10/12, 21, 15, 17
2020/10/13, 33, 7, 5
2020/10/14, 7, 7, 8
2020/10/16, 23, 12, 13
2020/10/17, 38, 9, 9
2020/10/18, 13, 11, 22
2020/10/19, 25, 21, 16
2020/10/20, 56, 19, 14
2020/10/21, 46, 13, 13
2020/10/22, 18, 18, 16
2020/10/23, 45, 18, 9
2020/10/24, 47, 7, 8
2020/10/25, 12, 15, 15
2020/10/26, 39, 14, 13
2020/10/27, 31, 11, 10
2020/10/28, 25, 10, 16
2020/10/29, 21, 13, 15
2020/10/30, 36, 13, 8
2020/10/31, 32, 13, 5
2020/11/1, 28, 8, 6
2020/11/2, 17, 14, 11
2020/11/3, 21, 10, 12
2020/11/4, 17, 12, 11
2020/11/5, 21, 16, 13
2020/11/6, 35, 31, 12
2020/11/7, 80, 31, 8
2020/11/8, 84, 32, 9
2020/11/9, 87, 29, 10
2020/11/10, 79, 25, 13
2020/11/11, 68, 23, 13
2020/11/12, 63, 22, 15
2020/11/13, 55, 25, 14
2020/11/14, 64, 15, 7
2020/11/15, 36, 11, 9
2020/11/16, 26, 13, 10
2020/11/17, 31, 15, 9
2020/11/18, 39, 10, 9
2020/11/19, 13, 10, 20
2020/11/20, 22, 16, 7
2020/11/21, 46, 12, 6
2020/11/22, 18, 9, 14
2020/11/23, 15, 23, 11
2020/11/24, 64, 21, 14
2020/11/25, 61, 21, 20
2020/11/26, 52, 25, 24
2020/11/27, 62, 25, 21
2020/11/28, 67, 15, 12
2020/11/29, 40, 15, 11
2020/11/30, 44, 21, 12
2020/12/1, 61, 35, 13
2020/12/2, 87, 32, 11
2020/12/3, 86, 24, 11
2020/12/4, 66, 32, 12
2020/12/5, 84, 30, 11
2020/12/6, 84, 21, 11
2020/12/7, 60, 26, 11
2020/12/8, 70, 36, 10
2020/12/9, 95, 30, 9
2020/12/10, 84, 23, 8
2020/12/11, 66, , 9
2020/12/12, 81, , 6
2020/12/13, 64, , 13
2020/12/14, 52, , 15
2020/12/15, 41, , 16
2020/12/16, 56, , 12
2020/12/17, 55, , 12
2020/12/18, 43, , 11
2020/12/19, 51, , 10
2020/12/20, 44, , 12
2020/12/21, 43, , 11
2020/12/22, 15, , 14
2020/12/23, 33, , 7
2020/12/24, 22, , 14
2020/12/25, 30, , 7
2020/12/26, 41, , 2
2020/12/27, 30, , 
2020/12/31, 38, , 9
2021/1/1, 47, , 7
2021/1/2, 38, , 2
2021/1/3, 21, , 
2020/7/1, 35, 12, 15
2020/7/2, 26, 10, 15
2020/7/3, 14, 9, 5
2020/7/4, 20, 9, 3
2020/7/5, 19, 14, 10
2020/7/6, 25, 13, 12
2020/7/7, 19, , 10
2020/8/7, 21, 31, 24
2020/8/8, 41, 23, 16
2020/8/9, 33, 30, 15
2020/8/10, 54, 24, 7
2020/8/11, 41, 20, 6
2020/8/12, 19, 19, 7
2020/8/13, 14, 17, 14
2020/8/14, 19, 25, 14
2020/8/15, 46, 26, 10
2020/8/16, 48, 28, 19
2020/8/17, 41, 18, 20
2020/8/18, 45, 16, 24
2020/8/19, 29, 20, 28
2020/8/20, 36, 14, 22
2020/8/21, 35, 15, 12
2020/8/22, 25, 12, 7
2020/8/23, 20, 10, 18
2020/8/24, 19, 17, 17
2020/8/25, 18, 8, 11
2020/8/26, 13, 11, 13
2020/8/27, 16, 15, 16
2020/8/28, 34, 13, 14
2020/8/29, 28, 13, 12
2020/8/30, 30, 9, 13
2020/8/31, 11, 8, 12
2020/9/1, 14, 10, 15
2020/9/2, 20, 16, 18
2020/9/3, 38, 15, 16
2020/9/4, 29, 10, 9
2020/9/5, 15, 8, 8
2020/9/6, 10, 10, 16
2020/9/7, 14, 14, 11
2020/9/8, 32, 15, 11
2020/9/9, 36, 13, 18
2020/9/10, 18, 16, 22
2020/9/11, 31, 21, 13
2020/9/12, 49, 15, 9
2020/9/13, 30, 21, 28
2020/9/14, 46, 29, 32
2020/9/15, 59, 29, 18
2020/9/16, 63, 11, 10
2020/9/17, 28, 12, 19
2020/9/18, 23, 14, 12
2020/9/19, 22, 16, 14
2020/9/20, 28, 25, 28
2020/9/21, 45, 31, 34
2020/9/22, 58, 42, 27
2020/9/23, 100, 15, 21
2020/9/24, 17, 12, 20
2020/9/25, 21, 15, 12
2020/9/26, 36, 14, 10
2020/9/27, 34, 22, 18
2020/9/28, 53, 15, 21
2020/9/29, 30, 22, 20
2020/9/30, 58, 21, 13
2020/4/1, 24, 14, 10
2020/4/2, 31, 13, 10
2020/4/3, 25, 21, 15
2020/4/4, 49, 21, 8
2020/4/5, 55, 30, 22
2020/4/6, 63, 24, 15
2020/4/7, 53, 25, 17
2020/4/8, 48, 19, 14
2020/4/9, 41, 17, 8
2020/4/10, 34, 25, 15
2020/4/11, 53, 24, 10
2020/4/12, 54, 18, 3
2020/4/13, 22, 12, 14
2020/4/14, 23, 21, 9
2020/4/15, 49, 20, 12
2020/4/16, 44, 16, 14
2020/4/17, 33, 11, 9
2020/4/18, 19, 7, 3
2020/4/19, 13, 9, 8
2020/4/20, 10, 9, 4
2020/4/21, 12, 7, 5
2020/4/22, 12, 24, 17
2020/4/23, 44, 21, 16
2020/4/24, 37, 11, 9
2020/4/25, 21, 19, 8
2020/4/26, 44, 24, 23
2020/4/27, 54, 14, 8
2020/4/28, 35, 14, 15
2020/4/29, 40, 18, 19
2020/4/30, 46, 10, 7
2020/5/1, 26, 10, 10
2020/5/2, 24, 13, 7
2020/5/3, 36, 13, 14
2020/5/4, 26, 11, 15
2020/5/5, 20, 13, 15
2020/5/6, 29, 16, 13
2020/5/7, 42, 22, 20
2020/5/8, 53, 26, 22
2020/5/9, 64, 16, 9
2020/5/10, 40, 9, 6
2020/5/11, 14, 9, 15
2020/5/12, 14, 7, 13
2020/5/13, 13, 10, 16
2020/5/14, 15, 11, 17
2020/5/15, 25, 10, 9
2020/5/16, 18, 11, 4
2020/5/17, 21, 19, 16
2020/5/18, 51, 17, 12
2020/5/19, 43, 14, 17
2020/5/20, 31, 12, 10
2020/5/21, 25, 14, 18
2020/5/22, 32, 25, 11
2020/5/23, 60, 13, 5
2020/5/24, 29, 11, 9
2020/5/25, 25, 18, 15
2020/5/26, 49, 15, 13
2020/5/27, 38, 13, 12
2020/5/28, 25, 16, 17
2020/5/29, 33, 16, 12
2020/5/30, 37, 10, 5
2020/5/31, 20, 9, 5
2020/6/1, 17, 14, 19
2020/6/2, 25, 15, 13
2020/6/3, 23, 14, 17
2020/6/4, 31, 7, 18
2020/6/5, 11, 8, 9
2020/6/6, 21, 10, 7
2020/6/7, 20, 9, 16
2020/6/8, 20, 10, 11
2020/6/9, 17, 12, 13
2020/6/10, 24, 13, 5
2020/6/11, 34, 17, 6
2020/6/12, 51, 18, 5
2020/6/13, 53, 17, 2
2020/6/14, 37, 12, 8
2020/6/15, 21, 14, 19
2020/6/16, 26, 19, 17
2020/6/17, 40, 12, 6
2020/6/18, 24, 13, 21
2020/6/19, 35, 14, 9
2020/6/20, 33, 10, 9
2020/6/21, 23, 10, 13
2020/6/22, 19, 12, 17
2020/6/23, 22, 14, 11
2020/6/24, 30, 15, 7
2020/6/25, 29, 21, 13
2020/6/26, 50, 23, 14
2020/6/27, 57, 17, 9
2020/6/28, 39, 15, 15
2020/6/29, 23, 15, 10
2020/6/30, 33, 14, 13
2020/1/1, 72, 25, 14
2020/1/2, 72, 16, 16
2020/1/3, 46, 13, 10
2020/1/4, 29, 16, 16
2020/1/5, 43, 22, 18
2020/1/6, 64, 26, 17
2020/1/7, 67, 18, 17
2020/1/8, 52, 16, 16
2020/1/9, 48, 10, 16
2020/1/10, 31, 13, 11
2020/1/11, 37, 12, 7
2020/1/12, 36, 20, 20
2020/1/13, 51, 10, 15
2020/1/14, 29, 9, 9
2020/1/15, 17, 21, 19
2020/1/16, 54, 21, 22
2020/1/17, 55, 11, 13
2020/1/18, 31, 16, 19
2020/1/19, 39, 18, 23
2020/1/20, 46, 30, 16
2020/1/21, 72, 12, 23
2020/1/22, 35, 16, 23
2020/1/23, 42, 16, 18
2020/1/24, 52, 17, 18
2020/1/25, 54, 22, 11
2020/1/26, 65, 26, 16
2020/1/27, 73, 10, 24
2020/1/28, 26, 9, 18
2020/1/29, 23, 12, 15
2020/1/30, 35, 17, 16
2020/1/31, 47, 10, 9
2020/2/1, 26, 15, 13
2020/2/2, 31, 16, 18
2020/2/3, 45, 9, 17
2020/2/4, 18, 14, 22
2020/2/5, 22, 10, 18
2020/2/6, 21, 10, 25
2020/2/7, 26, 24, 14
2020/2/8, 67, 16, 5
2020/2/9, 44, 10, 11
2020/2/10, 27, 8, 12
2020/2/11, 17, 11, 13
2020/2/12, 26, 12, 18
2020/2/13, 33, 19, 20
2020/2/14, 56, 19, 10
2020/2/15, 54, 6, 6
2020/2/16, 13, 12, 13
2020/2/17, 26, 11, 14
2020/2/18, 27, 10, 16
2020/2/19, 25, 15, 14
2020/2/20, 46, 13, 14
2020/2/21, 34, 14, 7
2020/2/22, 37, 9, 9
2020/2/23, 26, 11, 19
2020/2/24, 30, 9, 12
2020/2/25, 18, 9, 19
2020/2/26, 19, 18, 26
2020/2/27, 46, 16, 20
2020/2/28, 33, 14, 10
2020/2/29, 33, 9, 9
2020/3/1, 21, 21, 28
2020/3/2, 46, 18, 29
2020/3/3, 41, 24, 23
2020/3/4, 63, 26, 16
2020/3/5, 67, 26, 8
2020/3/6, 74, 23, 17
2020/3/7, 65, 20, 9
2020/3/8, 59, 18, 20
2020/3/9, 53, 11, 15
2020/3/10, 30, 15, 14
2020/3/11, 33, 12, 10
2020/3/12, 25, 11, 14
2020/3/13, 24, 12, 17
2020/3/14, 29, 11, 7
2020/3/15, 26, 17, 15
2020/3/16, 33, 22, 16
2020/3/17, 55, 12, 15
2020/3/18, 31, 10, 18
2020/3/19, 19, 13, 13
2020/3/20, 29, 8, 6
2020/3/21, 51, 9, 7
2020/3/22, 24, 14, 17
2020/3/23, 29, 22, 17
2020/3/24, 47, 29, 17
2020/3/25, 64, 34, 15
2020/3/26, 75, 37, 10
2020/3/27, 89, 28, 11
2020/3/28, 68, 7, 6
2020/3/29, 16, 8, 12
2020/3/30, 14, 10, 16
2020/3/31, 20, 11, 13
2019/10/1, 17, 10, 20
2019/10/2, 17, 7, 11
2019/10/3, 10, 9, 13
2019/10/4, 21, 8, 8
2019/10/5, 19, 7, 12
2019/10/6, 11, 13, 23
2019/10/7, 28, 16, 18
2019/10/8, 36, 19, 17
2019/10/9, 49, 18, 16
2019/10/10, 46, 14, 10
2019/10/11, 35, 10, 13
2019/10/12, 26, 12, 10
2019/10/13, 29, 15, 15
2019/10/14, 37, 19, 21
2019/10/15, 42, 25, 22
2019/10/16, 60, 17, 20
2019/10/17, 47, 14, 16
2019/10/18, 37, 10, 13
2019/10/19, 21, 16, 14
2019/10/20, 44, 16, 16
2019/10/21, 46, 21, 17
2019/10/22, 54, 26, 18
2019/10/23, 66, 33, 16
2019/10/24, 79, 26, 17
2019/10/25, 65, 14, 9
2019/10/26, 34, 10, 9
2019/10/27, 17, 9, 26
2019/10/28, 16, 11, 23
2019/10/29, 22, 24, 32
2019/10/30, 51, 31, 24
2019/10/31, 68, 29, 21
2019/11/1, 76, 22, 15
2019/11/2, 64, 11, 18
2019/11/3, 27, 14, 18
2019/11/4, 41, 14, 12
2019/11/5, 41, 7, 21
2019/11/6, 14, 16, 18
2019/11/7, 46, 19, 23
2019/11/8, 55, 27, 20
2019/11/9, 68, 29, 16
2019/11/10, 76, 25, 17
2019/11/11, 70, 23, 14
2019/11/12, 62, 18, 23
2019/11/13, 48, 23, 18
2019/11/14, 62, 23, 9
2019/11/15, 64, 28, 13
2019/11/16, 76, 23, 13
2019/11/17, 67, 22, 17
2019/11/18, 66, 24, 12
2019/11/19, 68, 23, 20
2019/11/20, 65, , 
2019/12/12, 70, 19, 16
2019/12/13, 60, 16, 14
2019/12/14, 42, 11, 8
2019/12/15, 24, 13, 20
2019/12/16, 34, 18, 20
2019/12/17, 50, 17, 23
2019/12/18, 42, 22, 18
2019/12/19, 58, 22, 18
2019/12/20, 60, 13, 19
2019/12/21, 38, 17, 12
2019/12/22, 52, 15, 18
2019/12/23, 42, 19, 17
2019/12/24, 52, 12, 15
2019/12/25, 36, 8, 15
2019/12/26, 22, 7, 10
2019/12/27, 18, 13, 19
2019/12/28, 33, 16, 13
2019/12/29, 52, , 
2019/7/1, 39, 14, 11
2019/7/2, 24, 10, 13
2019/7/3, 13, 11, 12
2019/7/4, 18, 11, 12
2019/7/5, 23, 8, 9
2019/7/6, 14, 11, 7
2019/7/7, 20, 8, 15
2019/7/8, 11, 9, 15
2019/7/9, 12, 11, 17
2019/7/10, 21, 13, 24
2019/7/11, 27, 15, 19
2019/7/12, 45, 14, 19
2019/7/13, 39, 16, 11
2019/7/14, 47, 15, 14
2019/7/15, 34, 12, 12
2019/7/16, 26, 13, 19
2019/7/17, 32, 16, 22
2019/7/18, 39, 16, 21
2019/7/19, 35, 12, 14
2019/7/20, 27, 17, 8
2019/7/21, 39, 14, 18
2019/7/22, 32, 17, 19
2019/7/23, 43, 16, 16
2019/7/24, 31, 18, 16
2019/7/25, 24, 13, 6
2019/7/26, 14, 13, 4
2019/7/27, 23, 16, 4
2019/7/28, 35, 20, 19
2019/7/29, 51, 17, 22
2019/7/30, 44, 16, 21
2019/7/31, 45, 16, 20
2019/8/1, 40, 17, 18
2019/8/2, 44, 13, 18
2019/8/3, 34, 13, 13
2019/8/4, 31, 13, 20
2019/8/5, 30, 17, 20
2019/8/6, 41, 16, 22
2019/8/7, 36, 14, 16
2019/8/8, 31, 15, 21
2019/8/9, 29, 13, 10
2019/8/10, 30, 13, 11
2019/8/11, 26, 16, 19
2019/8/12, 31, 12, 19
2019/8/13, 24, 11, 19
2019/8/14, 25, 13, 20
2019/8/15, 30, 16, 20
2019/8/16, 38, 16, 13
2019/8/17, 34, 14, 12
2019/8/18, 39, 16, 17
2019/8/19, 43, 17, 20
2019/8/20, 35, 15, 20
2019/8/21, 30, 15, 31
2019/8/22, 34, 23, 30
2019/8/23, 51, 19, 11
2019/8/24, 42, 19, 12
2019/8/25, 40, 21, 25
2019/8/26, 39, 23, 21
2019/8/27, 47, 26, 35
2019/8/28, 56, 25, 24
2019/8/29, 58, 21, 25
2019/8/30, 53, 22, 27
2019/8/31, 55, 21, 14
2019/9/1, 50, 11, 19
2019/9/2, 20, 10, 16
2019/9/3, 18, 14, 14
2019/9/4, 35, 14, 16
2019/9/5, 34, 11, 15
2019/9/6, 21, 14, 16
2019/9/7, 33, 13, 14
2019/9/8, 34, 14, 22
2019/9/9, 36, 12, 17
2019/9/10, 28, 15, 16
2019/9/11, 35, 20, 16
2019/9/12, 51, 18, 17
2019/9/13, 37, 13, 17
2019/9/14, 24, 17, 15
2019/9/15, 33, 22, 18
2019/9/16, 38, 15, 13
2019/9/17, 28, 13, 17
2019/9/18, 22, 12, 22
2019/9/19, 21, 11, 19
2019/9/20, 20, 14, 19
2019/9/21, 36, 19, 15
2019/9/22, 51, 18, 19
2019/9/23, 42, 23, 20
2019/9/24, 56, 23, 20
2019/9/25, 59, 26, 16
2019/9/26, 68, 20, 19
2019/9/27, 54, 17, 10
2019/9/28, 43, 12, 6
2019/9/29, 27, 11, 16
2019/9/30, 26, 9, 19
2019/4/1, 27, 16, 18
2019/4/2, 35, 28, 27
2019/4/3, 68, 39, 26
2019/4/4, 96, 51, 21
2019/4/5, 121, 53, 18
2019/4/6, 129, 53, 22
2019/4/7, 134, 46, 12
2019/4/8, 114, 21, 16
2019/4/9, 59, 15, 16
2019/4/10, 35, 14, 11
2019/4/11, 36, 12, 12
2019/4/12, 32, 10, 6
2019/4/13, 25, 11, 5
2019/4/14, 31, 13, 9
2019/4/15, 36, 13, 8
2019/4/16, 34, 18, 11
2019/4/17, 44, 22, 11
2019/4/18, 54, 25, 10
2019/4/19, 61, 22, 21
2019/4/20, 57, 28, 16
2019/4/21, 69, 20, 11
2019/4/22, 52, 24, 8
2019/4/23, 53, 43, 14
2019/4/24, 66, 28, 24
2019/4/25, 59, 23, 20
2019/4/26, 43, 27, 17
2019/4/27, 68, 19, 14
2019/4/28, 52, 18, 18
2019/4/29, 52, 26, 26
2019/4/30, 62, 28, 7
2019/5/1, 65, 15, 18
2019/5/2, 40, 13, 17
2019/5/3, 25, 9, 14
2019/5/4, 16, 10, 14
2019/5/5, 22, 12, 17
2019/5/6, 26, 10, 22
2019/5/7, 16, 13, 23
2019/5/8, 29, 17, 23
2019/5/9, 49, 15, 24
2019/5/10, 42, 11, 14
2019/5/11, 26, 9, 9
2019/5/12, 14, 9, 16
2019/5/13, 12, 9, 19
2019/5/14, 13, 10, 19
2019/5/15, 15, 8, 12
2019/5/16, 10, 13, 9
2019/5/17, 25, 17, 7
2019/5/18, 51, 21, 8
2019/5/19, 60, 15, 11
2019/5/20, 46, 15, 17
2019/5/21, 47, 15, 17
2019/5/22, 45, 14, 28
2019/5/23, 36, 21, 23
2019/5/24, 52, 13, 13
2019/5/25, 28, 11, 12
2019/5/26, 26, 12, 16
2019/5/27, 30, 12, 19
2019/5/28, 22, 9, 25
2019/5/29, 11, 11, 11
2019/5/30, 21, 18, 15
2019/5/31, 51, 16, 13
2019/6/1, 45, 11, 13
2019/6/2, 28, 14, 25
2019/6/3, 31, 15, 16
2019/6/4, 31, 16, 21
2019/6/5, 38, 20, 22
2019/6/6, 51, 13, 14
2019/6/7, 25, 12, 9
2019/6/8, 22, 14, 8
2019/6/9, 19, 11, 7
2019/6/10, 24, 14, 20
2019/6/11, 38, 20, 19
2019/6/12, 56, 19, 22
2019/6/13, 52, 13, 28
2019/6/14, 19, 16, 16
2019/6/15, 41, 12, 15
2019/6/16, 31, 14, 21
2019/6/17, 34, 15, 30
2019/6/18, 34, 21, 27
2019/6/19, 51, 19, 23
2019/6/20, 47, 15, 22
2019/6/21, 39, 13, 15
2019/6/22, 28, 10, 9
2019/6/23, 18, 10, 10
2019/6/24, 15, 13, 29
2019/6/25, 20, 22, 30
2019/6/26, 44, 16, 14
2019/6/27, 31, 15, 20
2019/6/28, 29, 18, 23
2019/6/29, 40, 17, 16
2019/6/30, 33, 18, 16
2019/1/1, 33, 12, 9
2019/1/2, 18, 12, 37
2019/1/3, 28, 13, 17
2019/1/4, 34, 8, 15
2019/1/5, 16, 15, 17
2019/1/6, 40, 11, 19
2019/1/7, 29, 9, 11
2019/1/8, 19, 5, 8
2019/1/9, 9, 7, 25
2019/1/10, 13, 11, 20
2019/1/11, 29, 14, 13
2019/1/12, 35, 8, 7
2019/1/13, 15, 9, 17
2019/1/14, 18, 10, 15
2019/1/15, 21, 12, 16
2019/1/16, 33, 11, 20
2019/1/17, 32, 7, 31
2019/1/18, 16, 18, 24
2019/1/19, 46, 35, 21
2019/1/20, 88, 35, 25
2019/1/21, 90, 39, 25
2019/1/22, 92, 39, 21
2019/1/23, 97, 52, 25
2019/1/24, 121, 58, 27
2019/1/25, 104, 48, 27
2019/1/26, 90, 20, 13
2019/1/27, 55, 19, 25
2019/1/28, 53, 16, 31
2019/1/29, 46, 21, 17
2019/1/30, 58, 26, 25
2019/1/31, 63, 41, 13
2019/2/1, 89, 50, 15
2019/2/2, 128, 37, 15
2019/2/3, 96, 20, 17
2019/2/4, 52, 25, 19
2019/2/5, 59, 25, 21
2019/2/6, 67, 24, 21
2019/2/7, 65, 17, 15
2019/2/8, 49, 13, 9
2019/2/9, 37, 12, 10
2019/2/10, 30, 11, 16
2019/2/11, 22, 14, 23
2019/2/12, 21, 24, 18
2019/2/13, 54, 35, 23
2019/2/14, 82, 44, 36
2019/2/15, 93, 36, 22
2019/2/16, 69, 42, 20
2019/2/17, 90, 48, 35
2019/2/18, 100, 43, 19
2019/2/19, 86, 24, 22
2019/2/20, 60, 31, 19
2019/2/21, 73, 20, 13
2019/2/22, 54, 15, 22
2019/2/23, 36, 25, 23
2019/2/24, 60, 42, 31
2019/2/25, 93, 50, 33
2019/2/26, 109, 53, 38
2019/2/27, 110, 48, 26
2019/2/28, 98, 23, 26
2019/3/1, 52, 22, 24
2019/3/2, 52, 20, 11
2019/3/3, 54, 14, 14
2019/3/4, 38, 13, 14
2019/3/5, 30, 18, 24
2019/3/6, 47, 14, 20
2019/3/7, 40, 11, 15
2019/3/8, 23, 15, 12
2019/3/9, 34, 14, 13
2019/3/10, 30, 10, 32
2019/3/11, 20, 11, 18
2019/3/12, 29, 11, 15
2019/3/13, 28, 10, 18
2019/3/14, 24, 11, 15
2019/3/15, 25, 14, 14
2019/3/16, 32, 12, 8
2019/3/17, 29, 12, 16
2019/3/18, 24, 15, 24
2019/3/19, 34, 22, 22
2019/3/20, 50, 30, 19
2019/3/21, 79, 27, 25
2019/3/22, 75, 35, 16
2019/3/23, 88, 22, 16
2019/3/24, 56, 13, 20
2019/3/25, 31, 11, 20
2019/3/26, 23, 11, 20
2019/3/27, 26, 14, 24
2019/3/28, 41, 19, 25
2019/3/29, 50, 37, 20
2019/3/30, 94, 26, 11
2019/3/31, 69, 13, 24
2018/10/1, 33, 10, 14
2018/10/2, 17, 11, 8
2018/10/3, 20, 12, 19
2018/10/4, 25, 23, 20
2018/10/5, 60, 25, 18
2018/10/6, 61, 20, 15
2018/10/7, 50, 13, 24
2018/10/8, 28, 21, 22
2018/10/9, 51, 37, 25
2018/10/10, 81, 38, 26
2018/10/11, 83, 39, 29
2018/10/12, 77, 27, 21
2018/10/13, 59, 33, 24
2018/10/14, 70, 38, 40
2018/10/15, 75, 39, 28
2018/10/16, 76, 39, 32
2018/10/17, 84, 34, 19
2018/10/18, 74, 17, 28
2018/10/19, 40, 18, 19
2018/10/20, 43, 22, 15
2018/10/21, 56, 26, 19
2018/10/22, 66, 14, 11
2018/10/23, 29, 13, 19
2018/10/24, 25, 12, 16
2018/10/25, 23, 11, 20
2018/10/26, 24, 8, 12
2018/10/27, 19, 6, 7
2018/10/28, 9, 6, 8
2018/10/29, 8, 14, 12
2018/10/30, 36, 14, 11
2018/10/31, 38, 17, 19
2018/11/1, 44, 22, 20
2018/11/2, 59, 16, 23
2018/11/3, 42, 24, 14
2018/11/4, 64, 34, 9
2018/11/5, 84, 42, 16
2018/11/6, 95, 39, 20
2018/11/7, 89, 28, 27
2018/11/8, 69, 23, 23
2018/11/9, 58, 30, 14
2018/11/10, 76, 22, 13
2018/11/11, 58, 16, 22
2018/11/12, 44, 18, 18
2018/11/13, 52, 22, 21
2018/11/14, 56, 28, 23
2018/11/15, 66, 27, 21
2018/11/16, 66, 27, 14
2018/11/17, 70, 31, 8
2018/11/18, 79, 10, 5
2018/11/19, 28, 8, 5
2018/11/20, 18, 17, 8
2018/11/21, 52, 24, 10
2018/11/22, 66, 30, 17
2018/11/23, 80, 33, 14
2018/11/24, 85, 25, 6
2018/11/25, 70, 11, 12
2018/11/26, 31, 11, 27
2018/11/27, 24, 17, 16
2018/11/28, 42, 22, 15
2018/11/29, 62, 19, 21
2018/11/30, 56, 22, 25
2018/12/1, 59, 20, 12
2018/12/2, 57, 15, 19
2018/12/3, 41, 14, 22
2018/12/4, 32, 14, 24
2018/12/5, 34, 20, 19
2018/12/6, 55, 13, 16
2018/12/7, 37, 8, 9
2018/12/8, 18, 8, 9
2018/12/9, 16, 9, 16
2018/12/10, 16, 13, 14
2018/12/11, 23, 12, 10
2018/12/12, 17, 7, 9
2018/12/13, 14, 7, 17
2018/12/14, 13, 15, 16
2018/12/15, 44, 20, 9
2018/12/16, 58, 28, 18
2018/12/17, 75, 29, 25
2018/12/18, 77, 23, 20
2018/12/19, 63, 24, 23
2018/12/20, 67, 22, 22
2018/12/21, 62, 11, 16
2018/12/22, 34, 14, 14
2018/12/23, 39, 11, 12
2018/12/24, 29, 9, 6
2018/12/25, 19, 11, 6
2018/12/26, 25, 15, 13
2018/12/27, 43, 15, 17
2018/12/28, 42, 14, 12
2018/12/29, 36, 9, 10
2018/12/30, 23, , 
2018/7/1, 23, 11, 17
2018/7/2, 15, 12, 25
2018/7/3, 11, 16, 21
2018/7/4, 24, 11, 16
2018/7/5, 16, 13, 16
2018/7/6, 18, 17, 9
2018/7/7, 26, 14, 9
2018/7/8, 27, 13, 13
2018/7/9, 26, 14, 9
2018/7/10, 27, 15, 13
2018/7/11, 33, 17, 19
2018/7/12, 40, 19, 16
2018/7/13, 46, 14, 12
2018/7/14, 31, 10, 12
2018/7/15, 21, 13, 17
2018/7/16, 27, 18, 26
2018/7/17, 39, 19, 18
2018/7/18, 43, 14, 19
2018/7/19, 25, 11, 16
2018/7/20, 17, 17, 19
2018/7/21, 32, 20, 15
2018/7/22, 38, 15, 30
2018/7/23, 31, 17, 24
2018/7/24, 33, 20, 26
2018/7/25, 30, 21, 19
2018/7/26, 42, 24, 11
2018/7/27, 40, 24, 13
2018/7/28, 46, 23, 11
2018/7/29, 42, 19, 28
2018/7/30, 31, 23, 28
2018/7/31, 38, 19, 18
2018/8/1, 27, 16, 21
2018/8/2, 21, 22, 28
2018/8/3, 33, 19, 14
2018/8/4, 27, 10, 8
2018/8/5, 12, 12, 22
2018/8/6, 16, 20, 33
2018/8/7, 19, 27, 23
2018/8/8, 28, 27, 16
2018/8/9, 40, 20, 16
2018/8/10, 27, 13, 16
2018/8/11, 19, 17, 19
2018/8/12, 17, 20, 23
2018/8/13, 35, 22, 20
2018/8/14, 48, 15, 24
2018/8/15, 33, 25, 24
2018/8/16, 55, 24, 24
2018/8/17, 49, 15, 14
2018/8/18, 30, 21, 12
2018/8/19, 43, 18, 13
2018/8/20, 40, 12, 19
2018/8/21, 18, 15, 28
2018/8/22, 15, 24, 24
2018/8/23, 41, 20, 16
2018/8/24, 42, 12, 15
2018/8/25, 20, 9, 12
2018/8/26, 14, 10, 15
2018/8/27, 13, 14, 19
2018/8/28, 26, 16, 19
2018/8/29, 29, 19, 20
2018/8/30, 38, 13, 19
2018/8/31, 28, 14, 18
2018/9/1, 28, 13, 9
2018/9/2, 30, 13, 8
2018/9/3, 30, 14, 12
2018/9/4, 31, 15, 15
2018/9/5, 34, 16, 13
2018/9/6, 38, 20, 23
2018/9/7, 49, 14, 14
2018/9/8, 32, 17, 16
2018/9/9, 38, 18, 25
2018/9/10, 37, 18, 16
2018/9/11, 36, 13, 21
2018/9/12, 26, 14, 23
2018/9/13, 23, 17, 22
2018/9/14, 33, 15, 14
2018/9/15, 33, 12, 14
2018/9/16, 25, 19, 28
2018/9/17, 46, 21, 31
2018/9/18, 39, 27, 20
2018/9/19, 47, 26, 22
2018/9/20, 50, 26, 22
2018/9/21, 46, 19, 22
2018/9/22, 27, 23, 18
2018/9/23, 34, 11, 16
2018/9/24, 15, 11, 28
2018/9/25, 16, 16, 16
2018/9/26, 34, 21, 15
2018/9/27, 51, 16, 17
2018/9/28, 35, 12, 17
2018/9/29, 20, 14, 14
2018/9/30, 28, 15, 19
2018/4/1, 49, 21, 17
2018/4/2, 56, 24, 30
2018/4/3, 59, 23, 29
2018/4/4, 59, 17, 22
2018/4/5, 48, 17, 21
2018/4/6, 47, 20, 22
2018/4/7, 46, 29, 21
2018/4/8, 65, 40, 27
2018/4/9, 82, 47, 9
2018/4/10, 115, 19, 7
2018/4/11, 58, 20, 10
2018/4/12, 54, 28, 11
2018/4/13, 69, 29, 12
2018/4/14, 74, , 
2018/4/17, 68, , 34
2018/4/19, 64, 39, 28
2018/4/20, 68, 48, 18
2018/4/21, 98, 25, 14
2018/4/22, 59, 27, 18
2018/4/23, 61, 22, 16
2018/4/24, 52, 19, 19
2018/4/25, 47, 17, 20
2018/4/26, 44, 22, 24
2018/4/27, 57, 30, 23
2018/4/28, 68, 32, 12
2018/4/29, 78, 32, 16
2018/4/30, 80, 17, 9
2018/5/1, 39, 17, 25
2018/5/2, 39, 25, 23
2018/5/3, 52, 18, 25
2018/5/4, 37, 22, 18
2018/5/5, 46, 18, 13
2018/5/6, 41, 21, 27
2018/5/7, 32, 24, 19
2018/5/8, 33, 25, 19
2018/5/9, 35, 28, 15
2018/5/10, 50, 24, 15
2018/5/11, 53, 16, 11
2018/5/12, 36, 22, 8
2018/5/13, 56, 24, 15
2018/5/14, 52, 33, 24
2018/5/15, 61, 33, 21
2018/5/16, 60, 28, 18
2018/5/17, 52, 30, 23
2018/5/18, 59, 32, 20
2018/5/19, 67, 22, 9
2018/5/20, 47, 17, 10
2018/5/21, 35, 19, 13
2018/5/22, 35, 19, 18
2018/5/23, 33, 18, 12
2018/5/24, 27, 17, 9
2018/5/25, 23, 18, 12
2018/5/26, 33, 18, 7
2018/5/27, 44, 22, 14
2018/5/28, 54, 30, 13
2018/5/29, 67, 27, 14
2018/5/30, 53, 29, 11
2018/5/31, 58, 21, 11
2018/6/1, 41, 23, 20
2018/6/2, 50, 23, 14
2018/6/3, 58, 19, 25
2018/6/4, 52, 24, 12
2018/6/5, 55, 18, 18
2018/6/6, 33, 16, 19
2018/6/7, 12, 18, 20
2018/6/8, 22, 17, 22
2018/6/9, 28, 23, 17
2018/6/10, 47, 19, 17
2018/6/11, 46, 13, 17
2018/6/12, 24, 12, 17
2018/6/13, 21, 15, 20
2018/6/14, 29, 24, 20
2018/6/15, 52, 18, 18
2018/6/16, 39, 26, 15
2018/6/17, 62, 19, 19
2018/6/18, 46, 21, 16
2018/6/19, 51, 18, 20
2018/6/20, 40, 15, 19
2018/6/21, 32, 10, 17
2018/6/22, 15, 14, 18
2018/6/23, 22, 12, 15
2018/6/24, 20, 12, 17
2018/6/25, 24, 19, 22
2018/6/26, 45, 23, 13
2018/6/27, 55, 14, 16
2018/6/28, 31, 14, 15
2018/6/29, 25, 12, 16
2018/6/30, 21, 13, 15
2018/2/13, 73, 45, 17
2018/2/14, 73, 40, 16
2018/2/15, 83, 23, 15
2018/2/16, 57, 34, 30
2018/2/17, 72, 37, 34
2018/2/18, 76, 49, 34
2018/2/19, 93, 60, 17
2018/2/20, 126, 43, 38
2018/2/21, 90, 44, 31
2018/2/22, 99, 33, 16
2018/2/23, 76, 21, 6
2018/2/24, 58, 11, 8
2018/2/25, 30, 8, 9
2018/2/26, 28, 7, 9
2018/2/27, 22, 24, 9
2018/2/28, 45, 27, 7
2018/3/1, 54, 22, 12
2018/3/2, 48, 36, 8
2018/3/3, 72, 47, 10
2018/3/4, 98, 55, 32
2018/3/5, 127, 50, 26
2018/3/6, 108, 66, 32
2018/3/7, 154, 50, 32
2018/3/8, 126, 30, 26
2018/3/9, 75, 31, 15
2018/3/10, 77, 32, 17
2018/3/11, 83, 34, 27
2018/3/12, 82, 36, 21
2018/3/13, 85, 20, 18
2018/3/14, 53, 20, 7
2018/3/15, 52, 16, 6
2018/3/16, 40, 14, 4
2018/3/17, 22, 13, 3
2018/3/18, 26, 23, 30
2018/3/19, 37, 31, 16
2018/3/20, 44, 35, 20
2018/3/21, 48, 29, 23
2018/3/22, 46, 24, 32
2018/3/23, 44, 20, 22
2018/3/24, 41, 35, 23
2018/3/25, 74, 29, 30
2018/3/26, 67, 21, 24
2018/3/27, 48, 26, 10
2018/3/28, 63, 22, 19
2018/3/29, 60, 16, 10
2018/3/30, 48, 16, 6
2018/3/31, 49, 15, 15
2023/10/7, , 9, 12
2023/7/19, , 10, 6
2023/4/2, , 21, 23
2023/4/10, , 7, 19
2023/4/15, , 28, 16
2023/2/6, , 22, 27
2023/2/14, , 31, 18
2023/2/21, , 16, 14
2023/3/15, , 15, 18
2023/3/18, , 21, 11
2022/7/15, , 8, 5
2022/8/21, , 14, 4
2022/9/3, , 11, 2
2022/9/6, , 20, 12
2022/9/19, , 13, 16
2022/1/9, , 36, 13
2021/8/2, , 8, 15
2021/8/3, , 9, 16
2021/4/12, , 12, 8
2021/6/6, , 24, 15
2021/6/11, , 12, 6
2021/1/23, , 28, 
2020/10/11, , 11, 24
2020/10/15, , 11, 16
2020/8/6, , 23, 21
2019/12/31, , 30, 12
2019/12/11, , 25, 23
2018/12/31, , 15, 5
2018/4/16, , 33, 23
2018/4/18, , 37, 33
2018/2/12, , 29, 31
2023/2/5, , , 31
2021/1/4, , , 3
2021/1/5, , , 3
2021/1/6, , , 8
2021/1/7, , , 8
2020/12/30, , , 3
2020/7/9, , , 13
2020/7/10, , , 8
2020/7/11, , , 7
2020/7/12, , , 17
2020/7/13, , , 22
2020/7/14, , , 12
2020/7/15, , , 14
2020/7/16, , , 16
2020/7/17, , , 17
2020/7/18, , , 11
2020/7/19, , , 12
2020/7/20, , , 12
2020/7/21, , , 15
2020/7/22, , , 16
2020/7/23, , , 14
2020/7/24, , , 12
2020/7/25, , , 7
2020/7/26, , , 16
2020/7/27, , , 11
2020/7/28, , , 10
2020/7/29, , , 14
2020/7/30, , , 14
2020/7/31, , , 13
2020/8/1, , , 8
2020/8/2, , , 14
2020/8/3, , , 16
2020/8/4, , , 22
2020/8/5, , , 32
2018/4/15, , , 27